-- MySQL dump 10.13  Distrib 8.0.21, for Win64 (x86_64)
--
-- Host: localhost    Database: airline_system
-- ------------------------------------------------------
-- Server version	8.0.21

/*!40101 SET @OLD_CHARACTER_SET_CLIENT=@@CHARACTER_SET_CLIENT */;
/*!40101 SET @OLD_CHARACTER_SET_RESULTS=@@CHARACTER_SET_RESULTS */;
/*!40101 SET @OLD_COLLATION_CONNECTION=@@COLLATION_CONNECTION */;
/*!50503 SET NAMES utf8mb4 */;
/*!40103 SET @OLD_TIME_ZONE=@@TIME_ZONE */;
/*!40103 SET TIME_ZONE='+00:00' */;
/*!40014 SET @OLD_UNIQUE_CHECKS=@@UNIQUE_CHECKS, UNIQUE_CHECKS=0 */;
/*!40014 SET @OLD_FOREIGN_KEY_CHECKS=@@FOREIGN_KEY_CHECKS, FOREIGN_KEY_CHECKS=0 */;
/*!40101 SET @OLD_SQL_MODE=@@SQL_MODE, SQL_MODE='NO_AUTO_VALUE_ON_ZERO' */;
/*!40111 SET @OLD_SQL_NOTES=@@SQL_NOTES, SQL_NOTES=0 */;

--
-- Table structure for table `airplane`
--

DROP TABLE IF EXISTS `airplane`;
/*!40101 SET @saved_cs_client     = @@character_set_client */;
/*!50503 SET character_set_client = utf8mb4 */;
CREATE TABLE `airplane` (
  `AIRPLANE_ID` int NOT NULL,
  `TOTAL_NUMBER_OF_SEATS` int DEFAULT NULL,
  `AIRPLANE_TYPE_NAME` varchar(30) DEFAULT NULL,
  PRIMARY KEY (`AIRPLANE_ID`),
  KEY `AIRPLANE_TYPE_NAME` (`AIRPLANE_TYPE_NAME`),
  CONSTRAINT `airplane_ibfk_1` FOREIGN KEY (`AIRPLANE_TYPE_NAME`) REFERENCES `airplane_type` (`AIRPLANE_TYPE_NAME`)
) ENGINE=InnoDB DEFAULT CHARSET=latin1;
/*!40101 SET character_set_client = @saved_cs_client */;

--
-- Dumping data for table `airplane`
--

LOCK TABLES `airplane` WRITE;
/*!40000 ALTER TABLE `airplane` DISABLE KEYS */;
INSERT INTO `airplane` VALUES (873,10,'L76'),(899,8,'L76'),(927,10,'L76'),(957,10,'L76'),(979,10,'L76'),(1008,10,'L76'),(1024,10,'L76'),(1055,10,'L76'),(1072,10,'L76'),(1085,8,'L76'),(1104,10,'L76'),(1134,10,'L76'),(1162,10,'L76'),(1184,10,'L76'),(1216,10,'L76'),(1242,8,'L76'),(1274,10,'L76'),(1292,10,'L76'),(1309,10,'L76'),(1331,10,'L76'),(1346,8,'L76'),(1358,12,'L77'),(1377,12,'L77'),(1404,12,'L77'),(1431,12,'L77'),(1455,12,'L77'),(1473,12,'L77'),(1505,12,'L77'),(1526,12,'L77'),(1552,12,'L77'),(1566,12,'L77'),(1597,12,'L77'),(1610,10,'L77'),(1638,12,'L77'),(1658,12,'L77'),(1669,12,'L77'),(1701,12,'L77'),(1729,12,'L77'),(1740,12,'L77'),(1765,12,'L77'),(1788,10,'L77'),(1801,8,'M99'),(1831,10,'M99'),(1855,8,'M99'),(1873,10,'M99'),(1886,10,'M99'),(1914,8,'M99'),(1929,10,'M99'),(1940,8,'M99'),(1967,10,'M99'),(1988,8,'M99'),(2010,8,'M99'),(2031,10,'M99'),(2053,8,'M99'),(2075,10,'M99'),(2089,8,'M99'),(2107,8,'M99'),(2136,10,'M99'),(2151,10,'M99'),(2176,10,'M99'),(2204,10,'M99'),(2217,10,'M99'),(2231,8,'M99'),(2260,10,'M99'),(2292,10,'M99'),(2310,8,'M99'),(2335,10,'M99'),(2354,12,'MM2'),(2382,12,'MM2'),(2406,14,'MM2'),(2423,14,'MM2'),(2448,14,'MM2'),(2480,14,'MM2'),(2504,12,'MM2'),(2517,14,'MM2'),(2546,12,'MM2'),(2563,12,'MM2'),(2594,14,'MM2'),(2619,12,'MM2'),(2634,14,'MM2'),(2660,14,'MM2'),(2673,14,'MM2'),(2693,12,'MM2'),(2709,14,'MM2'),(2739,12,'MM2'),(2755,14,'MM2'),(2777,14,'MM2'),(2812,12,'MM2'),(2834,14,'MM2'),(2856,14,'MM2'),(2880,14,'MM2'),(2892,12,'MM2'),(2922,14,'MM2'),(2934,14,'MM2'),(2960,12,'MM2'),(2971,14,'MM2'),(3003,8,'A36'),(3022,10,'A36'),(3050,10,'A36'),(3076,8,'A36'),(3090,10,'A36'),(3111,8,'A36'),(3134,8,'A36'),(3160,10,'A36'),(3176,10,'A36'),(3189,8,'A36'),(3218,10,'A36'),(3231,10,'A36'),(3242,10,'A36'),(3274,10,'A36'),(3301,8,'A36'),(3329,10,'A36'),(3346,8,'A36'),(3376,8,'A36'),(3408,8,'A36'),(3420,10,'A36'),(3436,8,'A36'),(3461,8,'A36'),(3476,8,'A36'),(3488,8,'A36'),(3512,10,'A36'),(3530,10,'A36'),(3560,10,'A36'),(3574,10,'A36'),(3591,10,'A36'),(3607,10,'A36'),(3633,14,'A38'),(3662,16,'A38'),(3681,16,'A38'),(3697,16,'A38'),(3717,14,'A38'),(3743,16,'A38'),(3775,16,'A38'),(3789,16,'A38'),(3813,16,'A38'),(3842,14,'A38'),(3871,16,'A38'),(3882,16,'A38'),(3907,16,'A38'),(3925,16,'A38'),(3945,16,'A38'),(3964,16,'A38'),(3987,16,'A38'),(4010,16,'A38'),(4024,14,'A38'),(4041,16,'A38');
/*!40000 ALTER TABLE `airplane` ENABLE KEYS */;
UNLOCK TABLES;

--
-- Table structure for table `airplane_type`
--

DROP TABLE IF EXISTS `airplane_type`;
/*!40101 SET @saved_cs_client     = @@character_set_client */;
/*!50503 SET character_set_client = utf8mb4 */;
CREATE TABLE `airplane_type` (
  `AIRPLANE_TYPE_NAME` varchar(30) NOT NULL,
  `MAX_SEATS` int DEFAULT NULL,
  `COMPANY` varchar(30) DEFAULT NULL,
  PRIMARY KEY (`AIRPLANE_TYPE_NAME`)
) ENGINE=InnoDB DEFAULT CHARSET=latin1;
/*!40101 SET character_set_client = @saved_cs_client */;

--
-- Dumping data for table `airplane_type`
--

LOCK TABLES `airplane_type` WRITE;
/*!40000 ALTER TABLE `airplane_type` DISABLE KEYS */;
INSERT INTO `airplane_type` VALUES ('A36',10,'Airbus'),('A38',16,'Airbus'),('L76',10,'Boeing'),('L77',12,'Boeing'),('M99',10,'Lockheed'),('MM2',14,'Lockheed');
/*!40000 ALTER TABLE `airplane_type` ENABLE KEYS */;
UNLOCK TABLES;

--
-- Table structure for table `airport`
--

DROP TABLE IF EXISTS `airport`;
/*!40101 SET @saved_cs_client     = @@character_set_client */;
/*!50503 SET character_set_client = utf8mb4 */;
CREATE TABLE `airport` (
  `AIRPORT_CODE` varchar(20) NOT NULL,
  `NAME` varchar(350) DEFAULT NULL,
  `CITY` varchar(20) DEFAULT NULL,
  `STATE` varchar(20) DEFAULT NULL,
  PRIMARY KEY (`AIRPORT_CODE`)
) ENGINE=InnoDB DEFAULT CHARSET=latin1;
/*!40101 SET character_set_client = @saved_cs_client */;

--
-- Dumping data for table `airport`
--

LOCK TABLES `airport` WRITE;
/*!40000 ALTER TABLE `airport` DISABLE KEYS */;
INSERT INTO `airport` VALUES ('ATL','Hartsfield Jackson Atlanta International','Atlanta','GA'),('AUS','Austin Bergstrom International','Austin','TX'),('BNA','Nashville International','Nashville','TN'),('BOS','General Edward Lawrence Logan International','Boston','MA'),('BWI','Baltimore/Washington International Thurgood Marshall','Baltimore','MD'),('CLE','Cleveland Hopkins International','Cleveland','OH'),('CLT','Charlotte Douglas International','Charlotte','NC'),('DCA','Ronald Reagan Washington National','Washington','DC'),('DEN','Denver International','Denver','CO'),('DFW','Dallas Fort Worth International','Dallas-Fort Worth','TX'),('DTW','Detroit Metropolitan Wayne County','Detroit','MI'),('EWR','Newark Liberty International','Newark','NJ'),('FLL','Fort Lauderdale Hollywood International','Fort Lauderdale','FL'),('HNL','Honolulu International','Honolulu','HI'),('HOU','William P Hobby','Houston','TX'),('IAD','Washington Dulles International','Washington','MD'),('IAH','George Bush Intercontinental Houston','Houston','TX'),('JFK','John F Kennedy International','New York','NY'),('LAS','McCarran International','Las Vegas','NV'),('LAX','Los Angeles International','Los Angeles','CA'),('LGA','La Guardia','New York','NY'),('MCI','Kansas City International','Kansas City','MO'),('MCO','Orlando International','Orlando','FL'),('MDW','Chicago Midway International','Chicago','IL'),('MIA','Miami International','Miami','FL'),('MSP','Minneapolis-St Paul International/Wold-Chamberlain','Minneapolis','MN'),('OAK','Metropolitan Oakland International','Oakland','CA'),('ORD','Chicago O\'Hare International','Chicago','IL'),('PDX','Portland International','Portland','OR'),('PHL','Philadelphia International','Philadelphia','PA'),('PHX','Phoenix Sky Harbor International','Phoenix','AZ'),('RDU','Raleigh Durham International','Raleigh/Durham','NC'),('SAN','San Diego International','San Diego','CA'),('SEA','Seattle Tacoma International','Seattle','WA'),('SFO','San Francisco International','San Francisco','CA'),('SLC','Salt Lake City International','Salt Lake City','UT'),('SMF','Sacramento International','Sacramento','CA'),('SNA','John Wayne-Orange County','Santa Ana','CA'),('STL','Lambert St Louis International','St Louis','MO'),('TPA','Tampa International','Tampa','FL');
/*!40000 ALTER TABLE `airport` ENABLE KEYS */;
UNLOCK TABLES;

--
-- Table structure for table `can_land`
--

DROP TABLE IF EXISTS `can_land`;
/*!40101 SET @saved_cs_client     = @@character_set_client */;
/*!50503 SET character_set_client = utf8mb4 */;
CREATE TABLE `can_land` (
  `AIRPLANE_TYPE_NAME` varchar(30) NOT NULL DEFAULT '',
  `AIRPORT_CODE` varchar(20) NOT NULL DEFAULT '',
  PRIMARY KEY (`AIRPLANE_TYPE_NAME`,`AIRPORT_CODE`),
  KEY `AIRPORT_CODE` (`AIRPORT_CODE`),
  CONSTRAINT `can_land_ibfk_1` FOREIGN KEY (`AIRPLANE_TYPE_NAME`) REFERENCES `airplane_type` (`AIRPLANE_TYPE_NAME`),
  CONSTRAINT `can_land_ibfk_2` FOREIGN KEY (`AIRPORT_CODE`) REFERENCES `airport` (`AIRPORT_CODE`)
) ENGINE=InnoDB DEFAULT CHARSET=latin1;
/*!40101 SET character_set_client = @saved_cs_client */;

--
-- Dumping data for table `can_land`
--

LOCK TABLES `can_land` WRITE;
/*!40000 ALTER TABLE `can_land` DISABLE KEYS */;
INSERT INTO `can_land` VALUES ('A36','ATL'),('A38','ATL'),('L76','ATL'),('L77','ATL'),('M99','ATL'),('MM2','ATL'),('A36','AUS'),('A38','AUS'),('L76','AUS'),('L77','AUS'),('M99','AUS'),('MM2','AUS'),('A36','BNA'),('L76','BNA'),('L77','BNA'),('M99','BNA'),('MM2','BNA'),('A36','BOS'),('A38','BOS'),('L76','BOS'),('L77','BOS'),('M99','BOS'),('MM2','BOS'),('A36','BWI'),('A38','BWI'),('L76','BWI'),('L77','BWI'),('M99','BWI'),('MM2','BWI'),('A36','CLE'),('L76','CLE'),('L77','CLE'),('M99','CLE'),('MM2','CLE'),('A36','CLT'),('L76','CLT'),('L77','CLT'),('M99','CLT'),('MM2','CLT'),('A36','DCA'),('A38','DCA'),('L76','DCA'),('L77','DCA'),('M99','DCA'),('MM2','DCA'),('A36','DEN'),('L76','DEN'),('L77','DEN'),('M99','DEN'),('MM2','DEN'),('A36','DFW'),('A38','DFW'),('L76','DFW'),('L77','DFW'),('M99','DFW'),('MM2','DFW'),('A36','DTW'),('L76','DTW'),('L77','DTW'),('M99','DTW'),('MM2','DTW'),('A36','EWR'),('L76','EWR'),('L77','EWR'),('M99','EWR'),('MM2','EWR'),('A36','FLL'),('L76','FLL'),('L77','FLL'),('M99','FLL'),('MM2','FLL'),('A36','HNL'),('A38','HNL'),('L76','HNL'),('L77','HNL'),('M99','HNL'),('MM2','HNL'),('A36','HOU'),('A38','HOU'),('L76','HOU'),('L77','HOU'),('M99','HOU'),('MM2','HOU'),('A36','IAD'),('L76','IAD'),('L77','IAD'),('M99','IAD'),('MM2','IAD'),('A36','IAH'),('L76','IAH'),('L77','IAH'),('M99','IAH'),('MM2','IAH'),('A36','JFK'),('A38','JFK'),('L76','JFK'),('L77','JFK'),('M99','JFK'),('MM2','JFK'),('A36','LAS'),('L76','LAS'),('L77','LAS'),('M99','LAS'),('MM2','LAS'),('A36','LAX'),('A38','LAX'),('L76','LAX'),('L77','LAX'),('M99','LAX'),('MM2','LAX'),('A36','LGA'),('A38','LGA'),('L76','LGA'),('L77','LGA'),('M99','LGA'),('MM2','LGA'),('A36','MCI'),('L76','MCI'),('L77','MCI'),('M99','MCI'),('MM2','MCI'),('A36','MCO'),('L76','MCO'),('L77','MCO'),('M99','MCO'),('MM2','MCO'),('A36','MDW'),('L76','MDW'),('L77','MDW'),('M99','MDW'),('MM2','MDW'),('A36','MIA'),('A38','MIA'),('L76','MIA'),('L77','MIA'),('M99','MIA'),('MM2','MIA'),('A36','MSP'),('L76','MSP'),('L77','MSP'),('M99','MSP'),('MM2','MSP'),('A36','OAK'),('L76','OAK'),('L77','OAK'),('M99','OAK'),('MM2','OAK'),('A36','ORD'),('L76','ORD'),('L77','ORD'),('M99','ORD'),('MM2','ORD'),('A36','PDX'),('L76','PDX'),('L77','PDX'),('M99','PDX'),('MM2','PDX'),('A36','PHL'),('L76','PHL'),('L77','PHL'),('M99','PHL'),('MM2','PHL'),('A36','PHX'),('L76','PHX'),('L77','PHX'),('M99','PHX'),('MM2','PHX'),('A36','RDU'),('L76','RDU'),('L77','RDU'),('M99','RDU'),('MM2','RDU'),('A36','SAN'),('A38','SAN'),('L76','SAN'),('L77','SAN'),('M99','SAN'),('MM2','SAN'),('A36','SEA'),('A38','SEA'),('L76','SEA'),('L77','SEA'),('M99','SEA'),('MM2','SEA'),('A36','SFO'),('A38','SFO'),('L76','SFO'),('L77','SFO'),('M99','SFO'),('MM2','SFO'),('A36','SLC'),('L76','SLC'),('L77','SLC'),('M99','SLC'),('MM2','SLC'),('A36','SMF'),('L76','SMF'),('L77','SMF'),('M99','SMF'),('MM2','SMF'),('A36','SNA'),('L76','SNA'),('L77','SNA'),('M99','SNA'),('MM2','SNA'),('A36','STL'),('L76','STL'),('L77','STL'),('M99','STL'),('MM2','STL'),('A36','TPA'),('L76','TPA'),('L77','TPA'),('M99','TPA'),('MM2','TPA');
/*!40000 ALTER TABLE `can_land` ENABLE KEYS */;
UNLOCK TABLES;

--
-- Table structure for table `fare`
--

DROP TABLE IF EXISTS `fare`;
/*!40101 SET @saved_cs_client     = @@character_set_client */;
/*!50503 SET character_set_client = utf8mb4 */;
CREATE TABLE `fare` (
  `FLIGHT_NUMBER` int NOT NULL DEFAULT '0',
  `FARE_CODE` varchar(20) NOT NULL DEFAULT '',
  `AMOUNT` float NOT NULL DEFAULT '0',
  `RESTRICTIONS` varchar(20) NOT NULL DEFAULT '',
  PRIMARY KEY (`FLIGHT_NUMBER`,`FARE_CODE`,`RESTRICTIONS`),
  CONSTRAINT `fare_ibfk_1` FOREIGN KEY (`FLIGHT_NUMBER`) REFERENCES `flight` (`FLIGHT_NUMBER`)
) ENGINE=InnoDB DEFAULT CHARSET=latin1;
/*!40101 SET character_set_client = @saved_cs_client */;

--
-- Dumping data for table `fare`
--

LOCK TABLES `fare` WRITE;
/*!40000 ALTER TABLE `fare` DISABLE KEYS */;
INSERT INTO `fare` VALUES (20,'business',591,'non-refundable'),(20,'business',666,'refundable'),(20,'coach',271,'non-refundable'),(20,'coach',321,'refundable'),(20,'first_class',924,'non-refundable'),(20,'first_class',1024,'refundable'),(22,'business',604,'non-refundable'),(22,'business',679,'refundable'),(22,'coach',374,'non-refundable'),(22,'coach',424,'refundable'),(22,'first_class',814,'non-refundable'),(22,'first_class',914,'refundable'),(25,'business',567,'non-refundable'),(25,'business',642,'refundable'),(25,'coach',384,'non-refundable'),(25,'coach',434,'refundable'),(25,'first_class',842,'non-refundable'),(25,'first_class',942,'refundable'),(26,'business',537,'non-refundable'),(26,'business',612,'refundable'),(26,'coach',374,'non-refundable'),(26,'coach',424,'refundable'),(26,'first_class',819,'non-refundable'),(26,'first_class',919,'refundable'),(33,'business',682,'non-refundable'),(33,'business',757,'refundable'),(33,'coach',298,'non-refundable'),(33,'coach',348,'refundable'),(33,'first_class',910,'non-refundable'),(33,'first_class',1010,'refundable'),(35,'business',688,'non-refundable'),(35,'business',763,'refundable'),(35,'coach',256,'non-refundable'),(35,'coach',306,'refundable'),(35,'first_class',992,'non-refundable'),(35,'first_class',1092,'refundable'),(39,'business',500,'non-refundable'),(39,'business',575,'refundable'),(39,'coach',388,'non-refundable'),(39,'coach',438,'refundable'),(39,'first_class',973,'non-refundable'),(39,'first_class',1073,'refundable'),(40,'business',540,'non-refundable'),(40,'business',615,'refundable'),(40,'coach',206,'non-refundable'),(40,'coach',256,'refundable'),(40,'first_class',867,'non-refundable'),(40,'first_class',967,'refundable'),(42,'business',620,'non-refundable'),(42,'business',695,'refundable'),(42,'coach',249,'non-refundable'),(42,'coach',299,'refundable'),(42,'first_class',965,'non-refundable'),(42,'first_class',1065,'refundable'),(47,'business',516,'non-refundable'),(47,'business',591,'refundable'),(47,'coach',236,'non-refundable'),(47,'coach',286,'refundable'),(47,'first_class',888,'non-refundable'),(47,'first_class',988,'refundable'),(48,'business',645,'non-refundable'),(48,'business',720,'refundable'),(48,'coach',367,'non-refundable'),(48,'coach',417,'refundable'),(48,'first_class',832,'non-refundable'),(48,'first_class',932,'refundable'),(50,'business',639,'non-refundable'),(50,'business',714,'refundable'),(50,'coach',271,'non-refundable'),(50,'coach',321,'refundable'),(50,'first_class',858,'non-refundable'),(50,'first_class',958,'refundable'),(53,'business',571,'non-refundable'),(53,'business',646,'refundable'),(53,'coach',224,'non-refundable'),(53,'coach',274,'refundable'),(53,'first_class',905,'non-refundable'),(53,'first_class',1005,'refundable'),(58,'business',682,'non-refundable'),(58,'business',757,'refundable'),(58,'coach',246,'non-refundable'),(58,'coach',296,'refundable'),(58,'first_class',901,'non-refundable'),(58,'first_class',1001,'refundable'),(59,'business',602,'non-refundable'),(59,'business',677,'refundable'),(59,'coach',335,'non-refundable'),(59,'coach',385,'refundable'),(59,'first_class',944,'non-refundable'),(59,'first_class',1044,'refundable'),(62,'business',627,'non-refundable'),(62,'business',702,'refundable'),(62,'coach',385,'non-refundable'),(62,'coach',435,'refundable'),(62,'first_class',862,'non-refundable'),(62,'first_class',962,'refundable'),(63,'business',503,'non-refundable'),(63,'business',578,'refundable'),(63,'coach',397,'non-refundable'),(63,'coach',447,'refundable'),(63,'first_class',833,'non-refundable'),(63,'first_class',933,'refundable'),(64,'business',567,'non-refundable'),(64,'business',642,'refundable'),(64,'coach',312,'non-refundable'),(64,'coach',362,'refundable'),(64,'first_class',979,'non-refundable'),(64,'first_class',1079,'refundable'),(67,'business',612,'non-refundable'),(67,'business',687,'refundable'),(67,'coach',390,'non-refundable'),(67,'coach',440,'refundable'),(67,'first_class',845,'non-refundable'),(67,'first_class',945,'refundable'),(68,'business',524,'non-refundable'),(68,'business',599,'refundable'),(68,'coach',380,'non-refundable'),(68,'coach',430,'refundable'),(68,'first_class',979,'non-refundable'),(68,'first_class',1079,'refundable'),(69,'business',535,'non-refundable'),(69,'business',610,'refundable'),(69,'coach',258,'non-refundable'),(69,'coach',308,'refundable'),(69,'first_class',800,'non-refundable'),(69,'first_class',900,'refundable'),(72,'business',650,'non-refundable'),(72,'business',725,'refundable'),(72,'coach',337,'non-refundable'),(72,'coach',387,'refundable'),(72,'first_class',915,'non-refundable'),(72,'first_class',1015,'refundable'),(77,'business',505,'non-refundable'),(77,'business',580,'refundable'),(77,'coach',399,'non-refundable'),(77,'coach',449,'refundable'),(77,'first_class',966,'non-refundable'),(77,'first_class',1066,'refundable'),(78,'business',536,'non-refundable'),(78,'business',611,'refundable'),(78,'coach',215,'non-refundable'),(78,'coach',265,'refundable'),(78,'first_class',879,'non-refundable'),(78,'first_class',979,'refundable'),(81,'business',630,'non-refundable'),(81,'business',705,'refundable'),(81,'coach',315,'non-refundable'),(81,'coach',365,'refundable'),(81,'first_class',837,'non-refundable'),(81,'first_class',937,'refundable'),(82,'business',617,'non-refundable'),(82,'business',692,'refundable'),(82,'coach',350,'non-refundable'),(82,'coach',400,'refundable'),(82,'first_class',856,'non-refundable'),(82,'first_class',956,'refundable'),(83,'business',528,'non-refundable'),(83,'business',603,'refundable'),(83,'coach',328,'non-refundable'),(83,'coach',378,'refundable'),(83,'first_class',864,'non-refundable'),(83,'first_class',964,'refundable'),(85,'business',531,'non-refundable'),(85,'business',606,'refundable'),(85,'coach',278,'non-refundable'),(85,'coach',328,'refundable'),(85,'first_class',911,'non-refundable'),(85,'first_class',1011,'refundable'),(87,'business',577,'non-refundable'),(87,'business',652,'refundable'),(87,'coach',206,'non-refundable'),(87,'coach',256,'refundable'),(87,'first_class',872,'non-refundable'),(87,'first_class',972,'refundable'),(92,'business',538,'non-refundable'),(92,'business',613,'refundable'),(92,'coach',322,'non-refundable'),(92,'coach',372,'refundable'),(92,'first_class',980,'non-refundable'),(92,'first_class',1080,'refundable'),(94,'business',635,'non-refundable'),(94,'business',710,'refundable'),(94,'coach',220,'non-refundable'),(94,'coach',270,'refundable'),(94,'first_class',846,'non-refundable'),(94,'first_class',946,'refundable'),(99,'business',605,'non-refundable'),(99,'business',680,'refundable'),(99,'coach',307,'non-refundable'),(99,'coach',357,'refundable'),(99,'first_class',831,'non-refundable'),(99,'first_class',931,'refundable'),(100,'business',509,'non-refundable'),(100,'business',584,'refundable'),(100,'coach',364,'non-refundable'),(100,'coach',414,'refundable'),(100,'first_class',968,'non-refundable'),(100,'first_class',1068,'refundable'),(103,'business',609,'non-refundable'),(103,'business',684,'refundable'),(103,'coach',392,'non-refundable'),(103,'coach',442,'refundable'),(103,'first_class',958,'non-refundable'),(103,'first_class',1058,'refundable'),(107,'business',541,'non-refundable'),(107,'business',616,'refundable'),(107,'coach',220,'non-refundable'),(107,'coach',270,'refundable'),(107,'first_class',890,'non-refundable'),(107,'first_class',990,'refundable'),(111,'business',520,'non-refundable'),(111,'business',595,'refundable'),(111,'coach',304,'non-refundable'),(111,'coach',354,'refundable'),(111,'first_class',804,'non-refundable'),(111,'first_class',904,'refundable'),(117,'business',639,'non-refundable'),(117,'business',714,'refundable'),(117,'coach',294,'non-refundable'),(117,'coach',344,'refundable'),(117,'first_class',859,'non-refundable'),(117,'first_class',959,'refundable'),(120,'business',671,'non-refundable'),(120,'business',746,'refundable'),(120,'coach',289,'non-refundable'),(120,'coach',339,'refundable'),(120,'first_class',919,'non-refundable'),(120,'first_class',1019,'refundable'),(121,'business',682,'non-refundable'),(121,'business',757,'refundable'),(121,'coach',311,'non-refundable'),(121,'coach',361,'refundable'),(121,'first_class',896,'non-refundable'),(121,'first_class',996,'refundable'),(126,'business',679,'non-refundable'),(126,'business',754,'refundable'),(126,'coach',318,'non-refundable'),(126,'coach',368,'refundable'),(126,'first_class',942,'non-refundable'),(126,'first_class',1042,'refundable'),(128,'business',594,'non-refundable'),(128,'business',669,'refundable'),(128,'coach',268,'non-refundable'),(128,'coach',318,'refundable'),(128,'first_class',928,'non-refundable'),(128,'first_class',1028,'refundable'),(130,'business',525,'non-refundable'),(130,'business',600,'refundable'),(130,'coach',239,'non-refundable'),(130,'coach',289,'refundable'),(130,'first_class',898,'non-refundable'),(130,'first_class',998,'refundable'),(131,'business',632,'non-refundable'),(131,'business',707,'refundable'),(131,'coach',309,'non-refundable'),(131,'coach',359,'refundable'),(131,'first_class',889,'non-refundable'),(131,'first_class',989,'refundable'),(139,'business',508,'non-refundable'),(139,'business',583,'refundable'),(139,'coach',399,'non-refundable'),(139,'coach',449,'refundable'),(139,'first_class',818,'non-refundable'),(139,'first_class',918,'refundable'),(143,'business',598,'non-refundable'),(143,'business',673,'refundable'),(143,'coach',226,'non-refundable'),(143,'coach',276,'refundable'),(143,'first_class',826,'non-refundable'),(143,'first_class',926,'refundable'),(144,'business',700,'non-refundable'),(144,'business',775,'refundable'),(144,'coach',396,'non-refundable'),(144,'coach',446,'refundable'),(144,'first_class',835,'non-refundable'),(144,'first_class',935,'refundable'),(146,'business',550,'non-refundable'),(146,'business',625,'refundable'),(146,'coach',239,'non-refundable'),(146,'coach',289,'refundable'),(146,'first_class',898,'non-refundable'),(146,'first_class',998,'refundable'),(148,'business',614,'non-refundable'),(148,'business',689,'refundable'),(148,'coach',200,'non-refundable'),(148,'coach',250,'refundable'),(148,'first_class',896,'non-refundable'),(148,'first_class',996,'refundable'),(149,'business',523,'non-refundable'),(149,'business',598,'refundable'),(149,'coach',313,'non-refundable'),(149,'coach',363,'refundable'),(149,'first_class',953,'non-refundable'),(149,'first_class',1053,'refundable'),(151,'business',607,'non-refundable'),(151,'business',682,'refundable'),(151,'coach',287,'non-refundable'),(151,'coach',337,'refundable'),(151,'first_class',840,'non-refundable'),(151,'first_class',940,'refundable'),(156,'business',585,'non-refundable'),(156,'business',660,'refundable'),(156,'coach',211,'non-refundable'),(156,'coach',261,'refundable'),(156,'first_class',881,'non-refundable'),(156,'first_class',981,'refundable'),(162,'business',560,'non-refundable'),(162,'business',635,'refundable'),(162,'coach',238,'non-refundable'),(162,'coach',288,'refundable'),(162,'first_class',872,'non-refundable'),(162,'first_class',972,'refundable'),(167,'business',524,'non-refundable'),(167,'business',599,'refundable'),(167,'coach',304,'non-refundable'),(167,'coach',354,'refundable'),(167,'first_class',942,'non-refundable'),(167,'first_class',1042,'refundable'),(168,'business',589,'non-refundable'),(168,'business',664,'refundable'),(168,'coach',321,'non-refundable'),(168,'coach',371,'refundable'),(168,'first_class',821,'non-refundable'),(168,'first_class',921,'refundable'),(171,'business',583,'non-refundable'),(171,'business',658,'refundable'),(171,'coach',218,'non-refundable'),(171,'coach',268,'refundable'),(171,'first_class',959,'non-refundable'),(171,'first_class',1059,'refundable'),(172,'business',684,'non-refundable'),(172,'business',759,'refundable'),(172,'coach',382,'non-refundable'),(172,'coach',432,'refundable'),(172,'first_class',961,'non-refundable'),(172,'first_class',1061,'refundable'),(173,'business',639,'non-refundable'),(173,'business',714,'refundable'),(173,'coach',218,'non-refundable'),(173,'coach',268,'refundable'),(173,'first_class',856,'non-refundable'),(173,'first_class',956,'refundable'),(175,'business',654,'non-refundable'),(175,'business',729,'refundable'),(175,'coach',302,'non-refundable'),(175,'coach',352,'refundable'),(175,'first_class',830,'non-refundable'),(175,'first_class',930,'refundable'),(176,'business',690,'non-refundable'),(176,'business',765,'refundable'),(176,'coach',263,'non-refundable'),(176,'coach',313,'refundable'),(176,'first_class',856,'non-refundable'),(176,'first_class',956,'refundable'),(188,'business',570,'non-refundable'),(188,'business',645,'refundable'),(188,'coach',232,'non-refundable'),(188,'coach',282,'refundable'),(188,'first_class',901,'non-refundable'),(188,'first_class',1001,'refundable'),(191,'business',587,'non-refundable'),(191,'business',662,'refundable'),(191,'coach',353,'non-refundable'),(191,'coach',403,'refundable'),(191,'first_class',958,'non-refundable'),(191,'first_class',1058,'refundable'),(192,'business',599,'non-refundable'),(192,'business',674,'refundable'),(192,'coach',337,'non-refundable'),(192,'coach',387,'refundable'),(192,'first_class',958,'non-refundable'),(192,'first_class',1058,'refundable'),(195,'business',504,'non-refundable'),(195,'business',579,'refundable'),(195,'coach',237,'non-refundable'),(195,'coach',287,'refundable'),(195,'first_class',938,'non-refundable'),(195,'first_class',1038,'refundable'),(199,'business',683,'non-refundable'),(199,'business',758,'refundable'),(199,'coach',242,'non-refundable'),(199,'coach',292,'refundable'),(199,'first_class',982,'non-refundable'),(199,'first_class',1082,'refundable'),(204,'business',572,'non-refundable'),(204,'business',647,'refundable'),(204,'coach',214,'non-refundable'),(204,'coach',264,'refundable'),(204,'first_class',899,'non-refundable'),(204,'first_class',999,'refundable'),(206,'business',612,'non-refundable'),(206,'business',687,'refundable'),(206,'coach',252,'non-refundable'),(206,'coach',302,'refundable'),(206,'first_class',813,'non-refundable'),(206,'first_class',913,'refundable'),(207,'business',591,'non-refundable'),(207,'business',666,'refundable'),(207,'coach',261,'non-refundable'),(207,'coach',311,'refundable'),(207,'first_class',989,'non-refundable'),(207,'first_class',1089,'refundable'),(210,'business',678,'non-refundable'),(210,'business',753,'refundable'),(210,'coach',283,'non-refundable'),(210,'coach',333,'refundable'),(210,'first_class',944,'non-refundable'),(210,'first_class',1044,'refundable'),(215,'business',627,'non-refundable'),(215,'business',702,'refundable'),(215,'coach',221,'non-refundable'),(215,'coach',271,'refundable'),(215,'first_class',850,'non-refundable'),(215,'first_class',950,'refundable'),(217,'business',532,'non-refundable'),(217,'business',607,'refundable'),(217,'coach',353,'non-refundable'),(217,'coach',403,'refundable'),(217,'first_class',847,'non-refundable'),(217,'first_class',947,'refundable'),(219,'business',669,'non-refundable'),(219,'business',744,'refundable'),(219,'coach',265,'non-refundable'),(219,'coach',315,'refundable'),(219,'first_class',991,'non-refundable'),(219,'first_class',1091,'refundable'),(224,'business',570,'non-refundable'),(224,'business',645,'refundable'),(224,'coach',205,'non-refundable'),(224,'coach',255,'refundable'),(224,'first_class',994,'non-refundable'),(224,'first_class',1094,'refundable'),(240,'business',504,'non-refundable'),(240,'business',579,'refundable'),(240,'coach',347,'non-refundable'),(240,'coach',397,'refundable'),(240,'first_class',932,'non-refundable'),(240,'first_class',1032,'refundable'),(242,'business',687,'non-refundable'),(242,'business',762,'refundable'),(242,'coach',310,'non-refundable'),(242,'coach',360,'refundable'),(242,'first_class',877,'non-refundable'),(242,'first_class',977,'refundable'),(244,'business',505,'non-refundable'),(244,'business',580,'refundable'),(244,'coach',379,'non-refundable'),(244,'coach',429,'refundable'),(244,'first_class',829,'non-refundable'),(244,'first_class',929,'refundable'),(249,'business',692,'non-refundable'),(249,'business',767,'refundable'),(249,'coach',357,'non-refundable'),(249,'coach',407,'refundable'),(249,'first_class',884,'non-refundable'),(249,'first_class',984,'refundable'),(253,'business',616,'non-refundable'),(253,'business',691,'refundable'),(253,'coach',260,'non-refundable'),(253,'coach',310,'refundable'),(253,'first_class',919,'non-refundable'),(253,'first_class',1019,'refundable'),(258,'business',570,'non-refundable'),(258,'business',645,'refundable'),(258,'coach',237,'non-refundable'),(258,'coach',287,'refundable'),(258,'first_class',946,'non-refundable'),(258,'first_class',1046,'refundable'),(260,'business',629,'non-refundable'),(260,'business',704,'refundable'),(260,'coach',261,'non-refundable'),(260,'coach',311,'refundable'),(260,'first_class',857,'non-refundable'),(260,'first_class',957,'refundable'),(261,'business',586,'non-refundable'),(261,'business',661,'refundable'),(261,'coach',319,'non-refundable'),(261,'coach',369,'refundable'),(261,'first_class',885,'non-refundable'),(261,'first_class',985,'refundable'),(264,'business',530,'non-refundable'),(264,'business',605,'refundable'),(264,'coach',341,'non-refundable'),(264,'coach',391,'refundable'),(264,'first_class',804,'non-refundable'),(264,'first_class',904,'refundable'),(269,'business',588,'non-refundable'),(269,'business',663,'refundable'),(269,'coach',296,'non-refundable'),(269,'coach',346,'refundable'),(269,'first_class',906,'non-refundable'),(269,'first_class',1006,'refundable'),(272,'business',599,'non-refundable'),(272,'business',674,'refundable'),(272,'coach',355,'non-refundable'),(272,'coach',405,'refundable'),(272,'first_class',917,'non-refundable'),(272,'first_class',1017,'refundable'),(281,'business',656,'non-refundable'),(281,'business',731,'refundable'),(281,'coach',387,'non-refundable'),(281,'coach',437,'refundable'),(281,'first_class',884,'non-refundable'),(281,'first_class',984,'refundable'),(282,'business',653,'non-refundable'),(282,'business',728,'refundable'),(282,'coach',218,'non-refundable'),(282,'coach',268,'refundable'),(282,'first_class',892,'non-refundable'),(282,'first_class',992,'refundable'),(288,'business',688,'non-refundable'),(288,'business',763,'refundable'),(288,'coach',314,'non-refundable'),(288,'coach',364,'refundable'),(288,'first_class',836,'non-refundable'),(288,'first_class',936,'refundable'),(290,'business',534,'non-refundable'),(290,'business',609,'refundable'),(290,'coach',218,'non-refundable'),(290,'coach',268,'refundable'),(290,'first_class',915,'non-refundable'),(290,'first_class',1015,'refundable'),(298,'business',529,'non-refundable'),(298,'business',604,'refundable'),(298,'coach',249,'non-refundable'),(298,'coach',299,'refundable'),(298,'first_class',994,'non-refundable'),(298,'first_class',1094,'refundable'),(300,'business',574,'non-refundable'),(300,'business',649,'refundable'),(300,'coach',338,'non-refundable'),(300,'coach',388,'refundable'),(300,'first_class',876,'non-refundable'),(300,'first_class',976,'refundable'),(302,'business',687,'non-refundable'),(302,'business',762,'refundable'),(302,'coach',334,'non-refundable'),(302,'coach',384,'refundable'),(302,'first_class',979,'non-refundable'),(302,'first_class',1079,'refundable'),(304,'business',558,'non-refundable'),(304,'business',633,'refundable'),(304,'coach',316,'non-refundable'),(304,'coach',366,'refundable'),(304,'first_class',822,'non-refundable'),(304,'first_class',922,'refundable'),(305,'business',555,'non-refundable'),(305,'business',630,'refundable'),(305,'coach',392,'non-refundable'),(305,'coach',442,'refundable'),(305,'first_class',961,'non-refundable'),(305,'first_class',1061,'refundable'),(309,'business',564,'non-refundable'),(309,'business',639,'refundable'),(309,'coach',306,'non-refundable'),(309,'coach',356,'refundable'),(309,'first_class',880,'non-refundable'),(309,'first_class',980,'refundable'),(310,'business',685,'non-refundable'),(310,'business',760,'refundable'),(310,'coach',399,'non-refundable'),(310,'coach',449,'refundable'),(310,'first_class',825,'non-refundable'),(310,'first_class',925,'refundable'),(311,'business',536,'non-refundable'),(311,'business',611,'refundable'),(311,'coach',275,'non-refundable'),(311,'coach',325,'refundable'),(311,'first_class',805,'non-refundable'),(311,'first_class',905,'refundable'),(316,'business',511,'non-refundable'),(316,'business',586,'refundable'),(316,'coach',214,'non-refundable'),(316,'coach',264,'refundable'),(316,'first_class',927,'non-refundable'),(316,'first_class',1027,'refundable'),(318,'business',612,'non-refundable'),(318,'business',687,'refundable'),(318,'coach',383,'non-refundable'),(318,'coach',433,'refundable'),(318,'first_class',933,'non-refundable'),(318,'first_class',1033,'refundable'),(321,'business',603,'non-refundable'),(321,'business',678,'refundable'),(321,'coach',379,'non-refundable'),(321,'coach',429,'refundable'),(321,'first_class',836,'non-refundable'),(321,'first_class',936,'refundable'),(325,'business',596,'non-refundable'),(325,'business',671,'refundable'),(325,'coach',297,'non-refundable'),(325,'coach',347,'refundable'),(325,'first_class',843,'non-refundable'),(325,'first_class',943,'refundable'),(328,'business',502,'non-refundable'),(328,'business',577,'refundable'),(328,'coach',385,'non-refundable'),(328,'coach',435,'refundable'),(328,'first_class',966,'non-refundable'),(328,'first_class',1066,'refundable'),(329,'business',699,'non-refundable'),(329,'business',774,'refundable'),(329,'coach',301,'non-refundable'),(329,'coach',351,'refundable'),(329,'first_class',916,'non-refundable'),(329,'first_class',1016,'refundable'),(331,'business',608,'non-refundable'),(331,'business',683,'refundable'),(331,'coach',227,'non-refundable'),(331,'coach',277,'refundable'),(331,'first_class',926,'non-refundable'),(331,'first_class',1026,'refundable'),(334,'business',653,'non-refundable'),(334,'business',728,'refundable'),(334,'coach',260,'non-refundable'),(334,'coach',310,'refundable'),(334,'first_class',818,'non-refundable'),(334,'first_class',918,'refundable'),(335,'business',699,'non-refundable'),(335,'business',774,'refundable'),(335,'coach',395,'non-refundable'),(335,'coach',445,'refundable'),(335,'first_class',808,'non-refundable'),(335,'first_class',908,'refundable'),(340,'business',559,'non-refundable'),(340,'business',634,'refundable'),(340,'coach',249,'non-refundable'),(340,'coach',299,'refundable'),(340,'first_class',989,'non-refundable'),(340,'first_class',1089,'refundable'),(347,'business',610,'non-refundable'),(347,'business',685,'refundable'),(347,'coach',331,'non-refundable'),(347,'coach',381,'refundable'),(347,'first_class',821,'non-refundable'),(347,'first_class',921,'refundable'),(354,'business',667,'non-refundable'),(354,'business',742,'refundable'),(354,'coach',248,'non-refundable'),(354,'coach',298,'refundable'),(354,'first_class',804,'non-refundable'),(354,'first_class',904,'refundable'),(356,'business',581,'non-refundable'),(356,'business',656,'refundable'),(356,'coach',386,'non-refundable'),(356,'coach',436,'refundable'),(356,'first_class',833,'non-refundable'),(356,'first_class',933,'refundable'),(368,'business',696,'non-refundable'),(368,'business',771,'refundable'),(368,'coach',208,'non-refundable'),(368,'coach',258,'refundable'),(368,'first_class',866,'non-refundable'),(368,'first_class',966,'refundable'),(371,'business',565,'non-refundable'),(371,'business',640,'refundable'),(371,'coach',321,'non-refundable'),(371,'coach',371,'refundable'),(371,'first_class',891,'non-refundable'),(371,'first_class',991,'refundable'),(372,'business',593,'non-refundable'),(372,'business',668,'refundable'),(372,'coach',219,'non-refundable'),(372,'coach',269,'refundable'),(372,'first_class',967,'non-refundable'),(372,'first_class',1067,'refundable'),(377,'business',529,'non-refundable'),(377,'business',604,'refundable'),(377,'coach',275,'non-refundable'),(377,'coach',325,'refundable'),(377,'first_class',996,'non-refundable'),(377,'first_class',1096,'refundable'),(381,'business',681,'non-refundable'),(381,'business',756,'refundable'),(381,'coach',235,'non-refundable'),(381,'coach',285,'refundable'),(381,'first_class',842,'non-refundable'),(381,'first_class',942,'refundable'),(390,'business',650,'non-refundable'),(390,'business',725,'refundable'),(390,'coach',378,'non-refundable'),(390,'coach',428,'refundable'),(390,'first_class',942,'non-refundable'),(390,'first_class',1042,'refundable'),(391,'business',585,'non-refundable'),(391,'business',660,'refundable'),(391,'coach',362,'non-refundable'),(391,'coach',412,'refundable'),(391,'first_class',999,'non-refundable'),(391,'first_class',1099,'refundable'),(392,'business',626,'non-refundable'),(392,'business',701,'refundable'),(392,'coach',399,'non-refundable'),(392,'coach',449,'refundable'),(392,'first_class',803,'non-refundable'),(392,'first_class',903,'refundable'),(393,'business',581,'non-refundable'),(393,'business',656,'refundable'),(393,'coach',349,'non-refundable'),(393,'coach',399,'refundable'),(393,'first_class',971,'non-refundable'),(393,'first_class',1071,'refundable'),(394,'business',522,'non-refundable'),(394,'business',597,'refundable'),(394,'coach',395,'non-refundable'),(394,'coach',445,'refundable'),(394,'first_class',931,'non-refundable'),(394,'first_class',1031,'refundable'),(396,'business',586,'non-refundable'),(396,'business',661,'refundable'),(396,'coach',236,'non-refundable'),(396,'coach',286,'refundable'),(396,'first_class',810,'non-refundable'),(396,'first_class',910,'refundable'),(400,'business',663,'non-refundable'),(400,'business',738,'refundable'),(400,'coach',363,'non-refundable'),(400,'coach',413,'refundable'),(400,'first_class',871,'non-refundable'),(400,'first_class',971,'refundable'),(405,'business',699,'non-refundable'),(405,'business',774,'refundable'),(405,'coach',220,'non-refundable'),(405,'coach',270,'refundable'),(405,'first_class',812,'non-refundable'),(405,'first_class',912,'refundable'),(407,'business',511,'non-refundable'),(407,'business',586,'refundable'),(407,'coach',240,'non-refundable'),(407,'coach',290,'refundable'),(407,'first_class',985,'non-refundable'),(407,'first_class',1085,'refundable'),(410,'business',502,'non-refundable'),(410,'business',577,'refundable'),(410,'coach',325,'non-refundable'),(410,'coach',375,'refundable'),(410,'first_class',810,'non-refundable'),(410,'first_class',910,'refundable'),(411,'business',678,'non-refundable'),(411,'business',753,'refundable'),(411,'coach',360,'non-refundable'),(411,'coach',410,'refundable'),(411,'first_class',848,'non-refundable'),(411,'first_class',948,'refundable'),(412,'business',698,'non-refundable'),(412,'business',773,'refundable'),(412,'coach',380,'non-refundable'),(412,'coach',430,'refundable'),(412,'first_class',928,'non-refundable'),(412,'first_class',1028,'refundable'),(415,'business',648,'non-refundable'),(415,'business',723,'refundable'),(415,'coach',213,'non-refundable'),(415,'coach',263,'refundable'),(415,'first_class',872,'non-refundable'),(415,'first_class',972,'refundable'),(417,'business',640,'non-refundable'),(417,'business',715,'refundable'),(417,'coach',333,'non-refundable'),(417,'coach',383,'refundable'),(417,'first_class',979,'non-refundable'),(417,'first_class',1079,'refundable'),(420,'business',610,'non-refundable'),(420,'business',685,'refundable'),(420,'coach',396,'non-refundable'),(420,'coach',446,'refundable'),(420,'first_class',811,'non-refundable'),(420,'first_class',911,'refundable'),(425,'business',693,'non-refundable'),(425,'business',768,'refundable'),(425,'coach',304,'non-refundable'),(425,'coach',354,'refundable'),(425,'first_class',893,'non-refundable'),(425,'first_class',993,'refundable'),(429,'business',549,'non-refundable'),(429,'business',624,'refundable'),(429,'coach',209,'non-refundable'),(429,'coach',259,'refundable'),(429,'first_class',963,'non-refundable'),(429,'first_class',1063,'refundable'),(432,'business',545,'non-refundable'),(432,'business',620,'refundable'),(432,'coach',341,'non-refundable'),(432,'coach',391,'refundable'),(432,'first_class',826,'non-refundable'),(432,'first_class',926,'refundable'),(433,'business',628,'non-refundable'),(433,'business',703,'refundable'),(433,'coach',391,'non-refundable'),(433,'coach',441,'refundable'),(433,'first_class',835,'non-refundable'),(433,'first_class',935,'refundable'),(439,'business',695,'non-refundable'),(439,'business',770,'refundable'),(439,'coach',325,'non-refundable'),(439,'coach',375,'refundable'),(439,'first_class',823,'non-refundable'),(439,'first_class',923,'refundable'),(443,'business',550,'non-refundable'),(443,'business',625,'refundable'),(443,'coach',223,'non-refundable'),(443,'coach',273,'refundable'),(443,'first_class',888,'non-refundable'),(443,'first_class',988,'refundable'),(444,'business',529,'non-refundable'),(444,'business',604,'refundable'),(444,'coach',344,'non-refundable'),(444,'coach',394,'refundable'),(444,'first_class',981,'non-refundable'),(444,'first_class',1081,'refundable'),(445,'business',678,'non-refundable'),(445,'business',753,'refundable'),(445,'coach',325,'non-refundable'),(445,'coach',375,'refundable'),(445,'first_class',821,'non-refundable'),(445,'first_class',921,'refundable'),(447,'business',536,'non-refundable'),(447,'business',611,'refundable'),(447,'coach',256,'non-refundable'),(447,'coach',306,'refundable'),(447,'first_class',880,'non-refundable'),(447,'first_class',980,'refundable'),(450,'business',647,'non-refundable'),(450,'business',722,'refundable'),(450,'coach',224,'non-refundable'),(450,'coach',274,'refundable'),(450,'first_class',957,'non-refundable'),(450,'first_class',1057,'refundable'),(455,'business',643,'non-refundable'),(455,'business',718,'refundable'),(455,'coach',340,'non-refundable'),(455,'coach',390,'refundable'),(455,'first_class',978,'non-refundable'),(455,'first_class',1078,'refundable'),(456,'business',518,'non-refundable'),(456,'business',593,'refundable'),(456,'coach',393,'non-refundable'),(456,'coach',443,'refundable'),(456,'first_class',968,'non-refundable'),(456,'first_class',1068,'refundable'),(461,'business',621,'non-refundable'),(461,'business',696,'refundable'),(461,'coach',265,'non-refundable'),(461,'coach',315,'refundable'),(461,'first_class',956,'non-refundable'),(461,'first_class',1056,'refundable'),(463,'business',625,'non-refundable'),(463,'business',700,'refundable'),(463,'coach',235,'non-refundable'),(463,'coach',285,'refundable'),(463,'first_class',891,'non-refundable'),(463,'first_class',991,'refundable'),(464,'business',604,'non-refundable'),(464,'business',679,'refundable'),(464,'coach',225,'non-refundable'),(464,'coach',275,'refundable'),(464,'first_class',947,'non-refundable'),(464,'first_class',1047,'refundable'),(466,'business',606,'non-refundable'),(466,'business',681,'refundable'),(466,'coach',338,'non-refundable'),(466,'coach',388,'refundable'),(466,'first_class',885,'non-refundable'),(466,'first_class',985,'refundable'),(467,'business',533,'non-refundable'),(467,'business',608,'refundable'),(467,'coach',319,'non-refundable'),(467,'coach',369,'refundable'),(467,'first_class',927,'non-refundable'),(467,'first_class',1027,'refundable'),(468,'business',563,'non-refundable'),(468,'business',638,'refundable'),(468,'coach',361,'non-refundable'),(468,'coach',411,'refundable'),(468,'first_class',902,'non-refundable'),(468,'first_class',1002,'refundable'),(470,'business',537,'non-refundable'),(470,'business',612,'refundable'),(470,'coach',339,'non-refundable'),(470,'coach',389,'refundable'),(470,'first_class',820,'non-refundable'),(470,'first_class',920,'refundable'),(472,'business',579,'non-refundable'),(472,'business',654,'refundable'),(472,'coach',208,'non-refundable'),(472,'coach',258,'refundable'),(472,'first_class',996,'non-refundable'),(472,'first_class',1096,'refundable'),(473,'business',657,'non-refundable'),(473,'business',732,'refundable'),(473,'coach',272,'non-refundable'),(473,'coach',322,'refundable'),(473,'first_class',926,'non-refundable'),(473,'first_class',1026,'refundable'),(475,'business',650,'non-refundable'),(475,'business',725,'refundable'),(475,'coach',398,'non-refundable'),(475,'coach',448,'refundable'),(475,'first_class',940,'non-refundable'),(475,'first_class',1040,'refundable'),(477,'business',542,'non-refundable'),(477,'business',617,'refundable'),(477,'coach',273,'non-refundable'),(477,'coach',323,'refundable'),(477,'first_class',968,'non-refundable'),(477,'first_class',1068,'refundable'),(479,'business',642,'non-refundable'),(479,'business',717,'refundable'),(479,'coach',351,'non-refundable'),(479,'coach',401,'refundable'),(479,'first_class',828,'non-refundable'),(479,'first_class',928,'refundable'),(482,'business',645,'non-refundable'),(482,'business',720,'refundable'),(482,'coach',238,'non-refundable'),(482,'coach',288,'refundable'),(482,'first_class',956,'non-refundable'),(482,'first_class',1056,'refundable'),(486,'business',559,'non-refundable'),(486,'business',634,'refundable'),(486,'coach',330,'non-refundable'),(486,'coach',380,'refundable'),(486,'first_class',976,'non-refundable'),(486,'first_class',1076,'refundable'),(497,'business',613,'non-refundable'),(497,'business',688,'refundable'),(497,'coach',222,'non-refundable'),(497,'coach',272,'refundable'),(497,'first_class',946,'non-refundable'),(497,'first_class',1046,'refundable'),(498,'business',539,'non-refundable'),(498,'business',614,'refundable'),(498,'coach',343,'non-refundable'),(498,'coach',393,'refundable'),(498,'first_class',835,'non-refundable'),(498,'first_class',935,'refundable'),(499,'business',673,'non-refundable'),(499,'business',748,'refundable'),(499,'coach',372,'non-refundable'),(499,'coach',422,'refundable'),(499,'first_class',850,'non-refundable'),(499,'first_class',950,'refundable'),(501,'business',602,'non-refundable'),(501,'business',677,'refundable'),(501,'coach',318,'non-refundable'),(501,'coach',368,'refundable'),(501,'first_class',858,'non-refundable'),(501,'first_class',958,'refundable'),(502,'business',548,'non-refundable'),(502,'business',623,'refundable'),(502,'coach',203,'non-refundable'),(502,'coach',253,'refundable'),(502,'first_class',856,'non-refundable'),(502,'first_class',956,'refundable'),(507,'business',562,'non-refundable'),(507,'business',637,'refundable'),(507,'coach',284,'non-refundable'),(507,'coach',334,'refundable'),(507,'first_class',842,'non-refundable'),(507,'first_class',942,'refundable'),(513,'business',692,'non-refundable'),(513,'business',767,'refundable'),(513,'coach',259,'non-refundable'),(513,'coach',309,'refundable'),(513,'first_class',903,'non-refundable'),(513,'first_class',1003,'refundable'),(519,'business',528,'non-refundable'),(519,'business',603,'refundable'),(519,'coach',395,'non-refundable'),(519,'coach',445,'refundable'),(519,'first_class',865,'non-refundable'),(519,'first_class',965,'refundable'),(524,'business',562,'non-refundable'),(524,'business',637,'refundable'),(524,'coach',278,'non-refundable'),(524,'coach',328,'refundable'),(524,'first_class',870,'non-refundable'),(524,'first_class',970,'refundable'),(525,'business',677,'non-refundable'),(525,'business',752,'refundable'),(525,'coach',381,'non-refundable'),(525,'coach',431,'refundable'),(525,'first_class',820,'non-refundable'),(525,'first_class',920,'refundable'),(527,'business',650,'non-refundable'),(527,'business',725,'refundable'),(527,'coach',213,'non-refundable'),(527,'coach',263,'refundable'),(527,'first_class',986,'non-refundable'),(527,'first_class',1086,'refundable'),(528,'business',507,'non-refundable'),(528,'business',582,'refundable'),(528,'coach',328,'non-refundable'),(528,'coach',378,'refundable'),(528,'first_class',912,'non-refundable'),(528,'first_class',1012,'refundable'),(529,'business',608,'non-refundable'),(529,'business',683,'refundable'),(529,'coach',353,'non-refundable'),(529,'coach',403,'refundable'),(529,'first_class',810,'non-refundable'),(529,'first_class',910,'refundable'),(530,'business',660,'non-refundable'),(530,'business',735,'refundable'),(530,'coach',334,'non-refundable'),(530,'coach',384,'refundable'),(530,'first_class',831,'non-refundable'),(530,'first_class',931,'refundable'),(533,'business',567,'non-refundable'),(533,'business',642,'refundable'),(533,'coach',227,'non-refundable'),(533,'coach',277,'refundable'),(533,'first_class',916,'non-refundable'),(533,'first_class',1016,'refundable'),(536,'business',674,'non-refundable'),(536,'business',749,'refundable'),(536,'coach',352,'non-refundable'),(536,'coach',402,'refundable'),(536,'first_class',951,'non-refundable'),(536,'first_class',1051,'refundable'),(538,'business',628,'non-refundable'),(538,'business',703,'refundable'),(538,'coach',284,'non-refundable'),(538,'coach',334,'refundable'),(538,'first_class',909,'non-refundable'),(538,'first_class',1009,'refundable'),(539,'business',669,'non-refundable'),(539,'business',744,'refundable'),(539,'coach',359,'non-refundable'),(539,'coach',409,'refundable'),(539,'first_class',854,'non-refundable'),(539,'first_class',954,'refundable'),(552,'business',566,'non-refundable'),(552,'business',641,'refundable'),(552,'coach',334,'non-refundable'),(552,'coach',384,'refundable'),(552,'first_class',866,'non-refundable'),(552,'first_class',966,'refundable'),(553,'business',588,'non-refundable'),(553,'business',663,'refundable'),(553,'coach',246,'non-refundable'),(553,'coach',296,'refundable'),(553,'first_class',806,'non-refundable'),(553,'first_class',906,'refundable'),(560,'business',529,'non-refundable'),(560,'business',604,'refundable'),(560,'coach',362,'non-refundable'),(560,'coach',412,'refundable'),(560,'first_class',881,'non-refundable'),(560,'first_class',981,'refundable'),(561,'business',661,'non-refundable'),(561,'business',736,'refundable'),(561,'coach',292,'non-refundable'),(561,'coach',342,'refundable'),(561,'first_class',937,'non-refundable'),(561,'first_class',1037,'refundable'),(563,'business',696,'non-refundable'),(563,'business',771,'refundable'),(563,'coach',387,'non-refundable'),(563,'coach',437,'refundable'),(563,'first_class',915,'non-refundable'),(563,'first_class',1015,'refundable'),(564,'business',508,'non-refundable'),(564,'business',583,'refundable'),(564,'coach',224,'non-refundable'),(564,'coach',274,'refundable'),(564,'first_class',899,'non-refundable'),(564,'first_class',999,'refundable'),(567,'business',692,'non-refundable'),(567,'business',767,'refundable'),(567,'coach',210,'non-refundable'),(567,'coach',260,'refundable'),(567,'first_class',841,'non-refundable'),(567,'first_class',941,'refundable'),(570,'business',590,'non-refundable'),(570,'business',665,'refundable'),(570,'coach',300,'non-refundable'),(570,'coach',350,'refundable'),(570,'first_class',939,'non-refundable'),(570,'first_class',1039,'refundable'),(571,'business',598,'non-refundable'),(571,'business',673,'refundable'),(571,'coach',237,'non-refundable'),(571,'coach',287,'refundable'),(571,'first_class',804,'non-refundable'),(571,'first_class',904,'refundable'),(574,'business',690,'non-refundable'),(574,'business',765,'refundable'),(574,'coach',312,'non-refundable'),(574,'coach',362,'refundable'),(574,'first_class',904,'non-refundable'),(574,'first_class',1004,'refundable'),(575,'business',581,'non-refundable'),(575,'business',656,'refundable'),(575,'coach',276,'non-refundable'),(575,'coach',326,'refundable'),(575,'first_class',853,'non-refundable'),(575,'first_class',953,'refundable'),(579,'business',568,'non-refundable'),(579,'business',643,'refundable'),(579,'coach',263,'non-refundable'),(579,'coach',313,'refundable'),(579,'first_class',893,'non-refundable'),(579,'first_class',993,'refundable'),(589,'business',526,'non-refundable'),(589,'business',601,'refundable'),(589,'coach',326,'non-refundable'),(589,'coach',376,'refundable'),(589,'first_class',844,'non-refundable'),(589,'first_class',944,'refundable'),(590,'business',674,'non-refundable'),(590,'business',749,'refundable'),(590,'coach',283,'non-refundable'),(590,'coach',333,'refundable'),(590,'first_class',865,'non-refundable'),(590,'first_class',965,'refundable'),(592,'business',563,'non-refundable'),(592,'business',638,'refundable'),(592,'coach',217,'non-refundable'),(592,'coach',267,'refundable'),(592,'first_class',822,'non-refundable'),(592,'first_class',922,'refundable'),(596,'business',631,'non-refundable'),(596,'business',706,'refundable'),(596,'coach',206,'non-refundable'),(596,'coach',256,'refundable'),(596,'first_class',972,'non-refundable'),(596,'first_class',1072,'refundable'),(598,'business',636,'non-refundable'),(598,'business',711,'refundable'),(598,'coach',202,'non-refundable'),(598,'coach',252,'refundable'),(598,'first_class',854,'non-refundable'),(598,'first_class',954,'refundable'),(600,'business',692,'non-refundable'),(600,'business',767,'refundable'),(600,'coach',351,'non-refundable'),(600,'coach',401,'refundable'),(600,'first_class',846,'non-refundable'),(600,'first_class',946,'refundable'),(601,'business',629,'non-refundable'),(601,'business',704,'refundable'),(601,'coach',277,'non-refundable'),(601,'coach',327,'refundable'),(601,'first_class',805,'non-refundable'),(601,'first_class',905,'refundable'),(602,'business',694,'non-refundable'),(602,'business',769,'refundable'),(602,'coach',225,'non-refundable'),(602,'coach',275,'refundable'),(602,'first_class',862,'non-refundable'),(602,'first_class',962,'refundable'),(609,'business',530,'non-refundable'),(609,'business',605,'refundable'),(609,'coach',367,'non-refundable'),(609,'coach',417,'refundable'),(609,'first_class',897,'non-refundable'),(609,'first_class',997,'refundable'),(613,'business',698,'non-refundable'),(613,'business',773,'refundable'),(613,'coach',396,'non-refundable'),(613,'coach',446,'refundable'),(613,'first_class',951,'non-refundable'),(613,'first_class',1051,'refundable'),(616,'business',647,'non-refundable'),(616,'business',722,'refundable'),(616,'coach',266,'non-refundable'),(616,'coach',316,'refundable'),(616,'first_class',872,'non-refundable'),(616,'first_class',972,'refundable'),(617,'business',615,'non-refundable'),(617,'business',690,'refundable'),(617,'coach',267,'non-refundable'),(617,'coach',317,'refundable'),(617,'first_class',954,'non-refundable'),(617,'first_class',1054,'refundable'),(619,'business',656,'non-refundable'),(619,'business',731,'refundable'),(619,'coach',391,'non-refundable'),(619,'coach',441,'refundable'),(619,'first_class',878,'non-refundable'),(619,'first_class',978,'refundable'),(622,'business',617,'non-refundable'),(622,'business',692,'refundable'),(622,'coach',310,'non-refundable'),(622,'coach',360,'refundable'),(622,'first_class',868,'non-refundable'),(622,'first_class',968,'refundable'),(623,'business',582,'non-refundable'),(623,'business',657,'refundable'),(623,'coach',352,'non-refundable'),(623,'coach',402,'refundable'),(623,'first_class',833,'non-refundable'),(623,'first_class',933,'refundable'),(626,'business',530,'non-refundable'),(626,'business',605,'refundable'),(626,'coach',337,'non-refundable'),(626,'coach',387,'refundable'),(626,'first_class',892,'non-refundable'),(626,'first_class',992,'refundable'),(628,'business',514,'non-refundable'),(628,'business',589,'refundable'),(628,'coach',213,'non-refundable'),(628,'coach',263,'refundable'),(628,'first_class',803,'non-refundable'),(628,'first_class',903,'refundable'),(633,'business',659,'non-refundable'),(633,'business',734,'refundable'),(633,'coach',329,'non-refundable'),(633,'coach',379,'refundable'),(633,'first_class',826,'non-refundable'),(633,'first_class',926,'refundable'),(634,'business',604,'non-refundable'),(634,'business',679,'refundable'),(634,'coach',313,'non-refundable'),(634,'coach',363,'refundable'),(634,'first_class',887,'non-refundable'),(634,'first_class',987,'refundable'),(635,'business',594,'non-refundable'),(635,'business',669,'refundable'),(635,'coach',207,'non-refundable'),(635,'coach',257,'refundable'),(635,'first_class',817,'non-refundable'),(635,'first_class',917,'refundable'),(641,'business',648,'non-refundable'),(641,'business',723,'refundable'),(641,'coach',241,'non-refundable'),(641,'coach',291,'refundable'),(641,'first_class',979,'non-refundable'),(641,'first_class',1079,'refundable'),(644,'business',640,'non-refundable'),(644,'business',715,'refundable'),(644,'coach',332,'non-refundable'),(644,'coach',382,'refundable'),(644,'first_class',880,'non-refundable'),(644,'first_class',980,'refundable'),(646,'business',690,'non-refundable'),(646,'business',765,'refundable'),(646,'coach',239,'non-refundable'),(646,'coach',289,'refundable'),(646,'first_class',875,'non-refundable'),(646,'first_class',975,'refundable'),(647,'business',597,'non-refundable'),(647,'business',672,'refundable'),(647,'coach',296,'non-refundable'),(647,'coach',346,'refundable'),(647,'first_class',904,'non-refundable'),(647,'first_class',1004,'refundable'),(649,'business',561,'non-refundable'),(649,'business',636,'refundable'),(649,'coach',260,'non-refundable'),(649,'coach',310,'refundable'),(649,'first_class',886,'non-refundable'),(649,'first_class',986,'refundable'),(650,'business',671,'non-refundable'),(650,'business',746,'refundable'),(650,'coach',293,'non-refundable'),(650,'coach',343,'refundable'),(650,'first_class',811,'non-refundable'),(650,'first_class',911,'refundable'),(662,'business',592,'non-refundable'),(662,'business',667,'refundable'),(662,'coach',293,'non-refundable'),(662,'coach',343,'refundable'),(662,'first_class',818,'non-refundable'),(662,'first_class',918,'refundable'),(664,'business',604,'non-refundable'),(664,'business',679,'refundable'),(664,'coach',272,'non-refundable'),(664,'coach',322,'refundable'),(664,'first_class',979,'non-refundable'),(664,'first_class',1079,'refundable'),(668,'business',668,'non-refundable'),(668,'business',743,'refundable'),(668,'coach',323,'non-refundable'),(668,'coach',373,'refundable'),(668,'first_class',829,'non-refundable'),(668,'first_class',929,'refundable'),(669,'business',574,'non-refundable'),(669,'business',649,'refundable'),(669,'coach',379,'non-refundable'),(669,'coach',429,'refundable'),(669,'first_class',891,'non-refundable'),(669,'first_class',991,'refundable'),(670,'business',667,'non-refundable'),(670,'business',742,'refundable'),(670,'coach',329,'non-refundable'),(670,'coach',379,'refundable'),(670,'first_class',957,'non-refundable'),(670,'first_class',1057,'refundable'),(672,'business',628,'non-refundable'),(672,'business',703,'refundable'),(672,'coach',348,'non-refundable'),(672,'coach',398,'refundable'),(672,'first_class',886,'non-refundable'),(672,'first_class',986,'refundable'),(675,'business',596,'non-refundable'),(675,'business',671,'refundable'),(675,'coach',359,'non-refundable'),(675,'coach',409,'refundable'),(675,'first_class',809,'non-refundable'),(675,'first_class',909,'refundable'),(679,'business',523,'non-refundable'),(679,'business',598,'refundable'),(679,'coach',213,'non-refundable'),(679,'coach',263,'refundable'),(679,'first_class',972,'non-refundable'),(679,'first_class',1072,'refundable'),(680,'business',587,'non-refundable'),(680,'business',662,'refundable'),(680,'coach',211,'non-refundable'),(680,'coach',261,'refundable'),(680,'first_class',960,'non-refundable'),(680,'first_class',1060,'refundable'),(683,'business',512,'non-refundable'),(683,'business',587,'refundable');
/*!40000 ALTER TABLE `fare` ENABLE KEYS */;
UNLOCK TABLES;

--
-- Table structure for table `flight`
--

DROP TABLE IF EXISTS `flight`;
/*!40101 SET @saved_cs_client     = @@character_set_client */;
/*!50503 SET character_set_client = utf8mb4 */;
CREATE TABLE `flight` (
  `FLIGHT_NUMBER` int NOT NULL,
  `AIRLINE` varchar(70) DEFAULT NULL,
  `WEEKDAYS` varchar(70) DEFAULT NULL,
  `DEPARTURE_AIRPORT_CODE` varchar(20) DEFAULT NULL,
  `SCHEDULED_DEPARTURE_TIME` time DEFAULT NULL,
  `ARRIVAL_AIRPORT_CODE` varchar(20) DEFAULT NULL,
  `SCHEDULED_ARRIVAL_TIME` time DEFAULT NULL,
  `FLIGHT_DURATION` varchar(20) DEFAULT NULL,
  PRIMARY KEY (`FLIGHT_NUMBER`),
  KEY `DEPARTURE_AIRPORT_CODE` (`DEPARTURE_AIRPORT_CODE`),
  KEY `ARRIVAL_AIRPORT_CODE` (`ARRIVAL_AIRPORT_CODE`),
  CONSTRAINT `flight_ibfk_1` FOREIGN KEY (`DEPARTURE_AIRPORT_CODE`) REFERENCES `airport` (`AIRPORT_CODE`) ON UPDATE CASCADE,
  CONSTRAINT `flight_ibfk_2` FOREIGN KEY (`ARRIVAL_AIRPORT_CODE`) REFERENCES `airport` (`AIRPORT_CODE`) ON UPDATE CASCADE
) ENGINE=InnoDB DEFAULT CHARSET=latin1;
/*!40101 SET character_set_client = @saved_cs_client */;

--
-- Dumping data for table `flight`
--

LOCK TABLES `flight` WRITE;
/*!40000 ALTER TABLE `flight` DISABLE KEYS */;
INSERT INTO `flight` VALUES (20,'US','Sun_Mon_Tue_Wed_Thu_Fri_Sat','LAS','18:09:00','ORD','21:16:00','3h 7m'),(22,'UA','Mon_Wed_Thu_Fri','CLE','12:37:00','DCA','15:07:00','2h 30m'),(25,'WN','Sun_Mon_Tue_Wed_Thu_Fri_Sat','ATL','06:48:00','AUS','09:49:00','3h 1m'),(26,'B6','Sun_Mon_Tue_Wed_Thu_Fri_Sat','BOS','17:32:00','PHL','20:16:00','2h 44m'),(33,'B6','Sun_Mon_Tue_Wed_Thu_Fri_Sat','JFK','06:49:00','PHX','09:18:00','2h 29m'),(35,'WN','Sun_Mon_Tue_Wed_Thu_Fri_Sat','SFO','18:15:00','DEN','19:58:00','1h 43m'),(39,'US','Mon_Wed_Thu_Fri','PHL','12:01:00','CLE','15:22:00','3h 21m'),(40,'DL','Mon_Wed_Thu_Fri','PDX','11:13:00','ATL','13:34:00','2h 21m'),(42,'UA','Sun_Mon_Tue_Wed_Thu_Fri_Sat','SEA','18:15:00','ORD','21:19:00','3h 4m'),(47,'WN','Mon_Wed_Thu_Fri','SEA','12:49:00','DEN','15:11:00','2h 22m'),(48,'UA','Sun_Mon_Tue_Wed_Thu_Fri_Sat','SFO','18:58:00','LAX','22:28:00','3h 30m'),(50,'B6','Sun_Mon_Tue_Wed_Thu_Fri_Sat','BOS','18:45:00','SAN','21:48:00','3h 3m'),(53,'AA','Mon_Wed_Thu_Fri','PDX','11:13:00','PHL','14:37:00','3h 24m'),(58,'US','Sun_Mon_Tue_Wed_Thu_Fri_Sat','LAX','07:47:00','MIA','10:04:00','2h 17m'),(59,'AA','Sun_Mon_Tue_Wed_Thu_Fri_Sat','BOS','07:19:00','PHX','10:40:00','3h 21m'),(62,'AA','Mon_Wed_Thu_Fri','PHX','11:01:00','PHL','13:07:00','2h 6m'),(63,'AA','Sun_Mon_Tue_Wed_Thu_Fri_Sat','LAX','06:18:00','JFK','07:59:00','1h 41m'),(64,'AA','Sun_Mon_Tue_Wed_Thu_Fri_Sat','SEA','18:51:00','STL','21:40:00','2h 49m'),(67,'UA','Sun_Mon_Tue_Wed_Thu_Fri_Sat','ORD','17:34:00','TPA','20:04:00','2h 30m'),(68,'B6','Mon_Wed_Thu_Fri','BOS','11:41:00','PHX','13:57:00','2h 16m'),(69,'DL','Mon_Wed_Thu_Fri','DEN','11:04:00','LGA','14:27:00','3h 23m'),(72,'UA','Sun_Mon_Tue_Wed_Thu_Fri_Sat','MCI','07:01:00','CLE','09:28:00','2h 27m'),(77,'WN','Sun_Mon_Tue_Wed_Thu_Fri_Sat','PHX','18:55:00','PDX','21:22:00','2h 27m'),(78,'US','Sun_Mon_Tue_Wed_Thu_Fri_Sat','PHX','07:59:00','MIA','11:19:00','3h 20m'),(81,'DL','Sun_Mon_Tue_Wed_Thu_Fri_Sat','LAS','07:34:00','LAX','09:55:00','2h 21m'),(82,'AA','Sun_Mon_Tue_Wed_Thu_Fri_Sat','DCA','17:35:00','LAX','19:29:00','1h 54m'),(83,'US','Sun_Mon_Tue_Wed_Thu_Fri_Sat','TPA','17:19:00','MIA','20:40:00','3h 21m'),(85,'AA','Sun_Mon_Tue_Wed_Thu_Fri_Sat','LAX','06:32:00','SAN','08:19:00','1h 47m'),(87,'AA','Mon_Wed_Thu_Fri','SEA','12:18:00','MCI','14:36:00','2h 18m'),(92,'UA','Sun_Mon_Tue_Wed_Thu_Fri_Sat','DCA','17:56:00','DEN','21:22:00','3h 26m'),(94,'US','Sun_Mon_Tue_Wed_Thu_Fri_Sat','SFO','07:06:00','MIA','09:15:00','2h 9m'),(99,'US','Sun_Mon_Tue_Wed_Thu_Fri_Sat','PHX','07:16:00','DCA','09:58:00','2h 42m'),(100,'AA','Sun_Mon_Tue_Wed_Thu_Fri_Sat','PHL','17:30:00','CLE','19:44:00','2h 14m'),(103,'AA','Sun_Mon_Tue_Wed_Thu_Fri_Sat','LAX','06:32:00','STL','10:00:00','3h 28m'),(107,'US','Sun_Mon_Tue_Wed_Thu_Fri_Sat','DCA','07:56:00','LAX','10:24:00','2h 28m'),(111,'DL','Mon_Wed_Thu_Fri','JFK','12:03:00','ATL','15:22:00','3h 19m'),(117,'DL','Mon_Wed_Thu_Fri','PHX','12:35:00','ATL','14:34:00','1h 59m'),(120,'US','Sun_Mon_Tue_Wed_Thu_Fri_Sat','LGA','07:42:00','DCA','10:15:00','2h 33m'),(121,'DL','Sun_Mon_Tue_Wed_Thu_Fri_Sat','SFO','17:12:00','ATL','19:23:00','2h 11m'),(126,'WN','Mon_Wed_Thu_Fri','PHX','12:33:00','SFO','14:55:00','2h 22m'),(128,'US','Sun_Mon_Tue_Wed_Thu_Fri_Sat','LGA','17:09:00','PHL','19:45:00','2h 36m'),(130,'WN','Sun_Mon_Tue_Wed_Thu_Fri_Sat','ATL','06:24:00','TPA','08:47:00','2h 23m'),(131,'AA','Sun_Mon_Tue_Wed_Thu_Fri_Sat','SAN','18:59:00','PHX','20:42:00','1h 43m'),(139,'US','Mon_Wed_Thu_Fri','SAN','12:50:00','PHX','14:35:00','1h 45m'),(143,'WN','Sun_Mon_Tue_Wed_Thu_Fri_Sat','SEA','07:06:00','LAS','09:42:00','2h 36m'),(144,'US','Sun_Mon_Tue_Wed_Thu_Fri_Sat','DFW','18:50:00','LAS','21:35:00','2h 45m'),(146,'WN','Mon_Wed_Thu_Fri','LAS','11:27:00','SAN','14:49:00','3h 22m'),(148,'UA','Mon_Wed_Thu_Fri','DEN','11:13:00','STL','14:23:00','3h 10m'),(149,'US','Sun_Mon_Tue_Wed_Thu_Fri_Sat','DCA','17:44:00','STL','20:18:00','2h 34m'),(151,'US','Sun_Mon_Tue_Wed_Thu_Fri_Sat','SFO','18:04:00','PHX','21:15:00','3h 11m'),(156,'AA','Mon_Wed_Thu_Fri','STL','11:24:00','ORD','14:20:00','2h 56m'),(162,'AA','Sun_Mon_Tue_Wed_Thu_Fri_Sat','ATL','17:35:00','PHL','20:27:00','2h 52m'),(167,'AA','Mon_Wed_Thu_Fri','DCA','12:32:00','SAN','14:14:00','1h 42m'),(168,'US','Mon_Wed_Thu_Fri','LGA','12:00:00','STL','14:09:00','2h 9m'),(171,'US','Sun_Mon_Tue_Wed_Thu_Fri_Sat','PHX','07:11:00','LAX','09:40:00','2h 29m'),(172,'US','Mon_Wed_Thu_Fri','PHL','12:19:00','BOS','14:03:00','1h 44m'),(173,'AA','Mon_Wed_Thu_Fri','STL','12:18:00','MIA','14:27:00','2h 9m'),(175,'WN','Sun_Mon_Tue_Wed_Thu_Fri_Sat','SAN','17:32:00','AUS','19:55:00','2h 23m'),(176,'B6','Mon_Wed_Thu_Fri','SAN','11:39:00','JFK','13:29:00','1h 50m'),(188,'B6','Sun_Mon_Tue_Wed_Thu_Fri_Sat','DFW','07:20:00','BOS','09:48:00','2h 28m'),(191,'US','Mon_Wed_Thu_Fri','SAN','11:44:00','DCA','13:56:00','2h 12m'),(192,'US','Sun_Mon_Tue_Wed_Thu_Fri_Sat','MIA','06:25:00','SAN','08:17:00','1h 52m'),(195,'UA','Mon_Wed_Thu_Fri','ORD','17:28:00','DFW','20:30:00','3h 2m'),(199,'AA','Sun_Mon_Tue_Wed_Thu_Fri_Sat','AUS','07:52:00','DFW','10:36:00','2h 44m'),(204,'DL','Mon_Wed_Thu_Fri','DCA','11:28:00','LAX','13:44:00','2h 16m'),(206,'AA','Mon_Wed_Thu_Fri','DFW','12:49:00','BWI','14:54:00','2h 5m'),(207,'WN','Sun_Mon_Tue_Wed_Thu_Fri_Sat','DCA','06:29:00','ATL','08:19:00','1h 50m'),(210,'WN','Sun_Mon_Tue_Wed_Thu_Fri_Sat','AUS','07:16:00','LAS','09:13:00','1h 57m'),(215,'AA','Mon_Wed_Thu_Fri','STL','11:34:00','DCA','14:26:00','2h 52m'),(217,'US','Sun_Mon_Tue_Wed_Thu_Fri_Sat','ORD','06:04:00','CLE','08:40:00','2h 36m'),(219,'B6','Mon_Wed_Thu_Fri','ORD','11:59:00','JFK','14:47:00','2h 48m'),(224,'DL','Sun_Mon_Tue_Wed_Thu_Fri_Sat','LGA','07:11:00','DEN','09:09:00','1h 58m'),(240,'US','Sun_Mon_Tue_Wed_Thu_Fri_Sat','DEN','06:58:00','ORD','09:25:00','2h 27m'),(242,'WN','Mon_Wed_Thu_Fri','DEN','12:21:00','HOU','15:25:00','3h 4m'),(244,'UA','Sun_Mon_Tue_Wed_Thu_Fri_Sat','TPA','18:33:00','ORD','20:20:00','1h 47m'),(249,'DL','Sun_Mon_Tue_Wed_Thu_Fri_Sat','LAX','17:27:00','DCA','20:38:00','3h 11m'),(253,'WN','Sun_Mon_Tue_Wed_Thu_Fri_Sat','AUS','07:46:00','TPA','09:35:00','1h 49m'),(258,'UA','Sun_Mon_Tue_Wed_Thu_Fri_Sat','CLE','17:31:00','BOS','20:24:00','2h 53m'),(260,'AA','Mon_Wed_Thu_Fri','BOS','11:17:00','MIA','13:27:00','2h 10m'),(261,'US','Sun_Mon_Tue_Wed_Thu_Fri_Sat','AUS','17:22:00','DFW','19:30:00','2h 8m'),(264,'AA','Sun_Mon_Tue_Wed_Thu_Fri_Sat','ORD','18:29:00','PHX','20:16:00','1h 47m'),(269,'WN','Sun_Mon_Tue_Wed_Thu_Fri_Sat','OAK','06:15:00','PDX','08:48:00','2h 33m'),(272,'DL','Sun_Mon_Tue_Wed_Thu_Fri_Sat','DEN','18:47:00','LGA','22:10:00','3h 23m'),(281,'AA','Sun_Mon_Tue_Wed_Thu_Fri_Sat','AUS','06:04:00','PHL','08:33:00','2h 29m'),(282,'UA','Sun_Mon_Tue_Wed_Thu_Fri_Sat','ORD','17:49:00','AUS','20:40:00','2h 51m'),(288,'US','Mon_Wed_Thu_Fri','ORD','12:13:00','AUS','15:17:00','3h 4m'),(290,'WN','Mon_Wed_Thu_Fri','LAX','11:31:00','MCI','14:14:00','2h 43m'),(298,'WN','Sun_Mon_Tue_Wed_Thu_Fri_Sat','LGA','07:07:00','HOU','08:49:00','1h 42m'),(300,'WN','Sun_Mon_Tue_Wed_Thu_Fri_Sat','PHX','07:37:00','SAN','09:20:00','1h 43m'),(302,'AA','Mon_Wed_Thu_Fri','SEA','12:43:00','SAN','15:10:00','2h 27m'),(304,'WN','Sun_Mon_Tue_Wed_Thu_Fri_Sat','STL','17:04:00','DEN','19:57:00','2h 53m'),(305,'WN','Sun_Mon_Tue_Wed_Thu_Fri_Sat','LAX','17:50:00','PHX','20:19:00','2h 29m'),(309,'DL','Sun_Mon_Tue_Wed_Thu_Fri_Sat','LGA','07:36:00','TPA','09:49:00','2h 13m'),(310,'US','Mon_Wed_Thu_Fri','MIA','11:43:00','SEA','13:28:00','1h 45m'),(311,'DL','Mon_Wed_Thu_Fri','TPA','11:37:00','ATL','13:34:00','1h 57m'),(316,'AA','Sun_Mon_Tue_Wed_Thu_Fri_Sat','DFW','06:20:00','AUS','08:19:00','1h 59m'),(318,'AA','Sun_Mon_Tue_Wed_Thu_Fri_Sat','OAK','07:36:00','PHX','10:53:00','3h 17m'),(321,'UA','Sun_Mon_Tue_Wed_Thu_Fri_Sat','BWI','18:30:00','CLE','20:11:00','1h 41m'),(325,'US','Mon_Wed_Thu_Fri','JFK','11:00:00','DFW','13:58:00','2h 58m'),(328,'US','Sun_Mon_Tue_Wed_Thu_Fri_Sat','DCA','07:17:00','ORD','09:53:00','2h 36m'),(329,'WN','Sun_Mon_Tue_Wed_Thu_Fri_Sat','LAS','07:16:00','SAN','10:38:00','3h 22m'),(331,'WN','Sun_Mon_Tue_Wed_Thu_Fri_Sat','STL','18:53:00','LGA','22:22:00','3h 29m'),(334,'AA','Sun_Mon_Tue_Wed_Thu_Fri_Sat','PHX','06:24:00','STL','09:46:00','3h 22m'),(335,'WN','Sun_Mon_Tue_Wed_Thu_Fri_Sat','OAK','18:00:00','MCI','20:09:00','2h 9m'),(340,'US','Sun_Mon_Tue_Wed_Thu_Fri_Sat','AUS','18:54:00','PHX','21:56:00','3h 2m'),(347,'WN','Sun_Mon_Tue_Wed_Thu_Fri_Sat','AUS','18:55:00','DEN','21:50:00','1h 55m'),(354,'UA','Mon_Wed_Thu_Fri','ORD','11:58:00','PDX','14:01:00','2h 3m'),(356,'UA','Mon_Wed_Thu_Fri','BOS','12:13:00','CLE','14:23:00','2h 10m'),(368,'WN','Sun_Mon_Tue_Wed_Thu_Fri_Sat','ATL','07:03:00','BWI','08:47:00','1h 44m'),(371,'WN','Mon_Wed_Thu_Fri','AUS','12:55:00','DEN','15:50:00','1h 55m'),(372,'AA','Sun_Mon_Tue_Wed_Thu_Fri_Sat','ORD','07:06:00','LAX','09:14:00','2h 8m'),(377,'AA','Mon_Wed_Thu_Fri','LAX','12:20:00','PHL','15:04:00','2h 44m'),(381,'DL','Sun_Mon_Tue_Wed_Thu_Fri_Sat','JFK','06:51:00','SEA','09:35:00','2h 44m'),(390,'WN','Sun_Mon_Tue_Wed_Thu_Fri_Sat','CLE','17:24:00','BWI','19:52:00','2h 28m'),(391,'DL','Sun_Mon_Tue_Wed_Thu_Fri_Sat','SEA','18:43:00','SFO','20:36:00','1h 53m'),(392,'AA','Mon_Wed_Thu_Fri','DEN','12:00:00','MIA','15:23:00','3h 23m'),(393,'AA','Mon_Wed_Thu_Fri','AUS','12:31:00','PHX','15:20:00','2h 49m'),(394,'AA','Sun_Mon_Tue_Wed_Thu_Fri_Sat','PDX','06:34:00','SFO','09:18:00','2h 44m'),(396,'AA','Sun_Mon_Tue_Wed_Thu_Fri_Sat','PHX','18:00:00','STL','21:22:00','3h 22m'),(400,'B6','Sun_Mon_Tue_Wed_Thu_Fri_Sat','LAS','17:50:00','BOS','20:56:00','3h 6m'),(405,'AA','Sun_Mon_Tue_Wed_Thu_Fri_Sat','LGA','06:06:00','PHL','09:13:00','3h 7m'),(407,'US','Mon_Wed_Thu_Fri','PHX','12:49:00','JFK','16:12:00','3h 23m'),(410,'US','Sun_Mon_Tue_Wed_Thu_Fri_Sat','STL','07:58:00','ORD','10:10:00','2h 12m'),(411,'UA','Sun_Mon_Tue_Wed_Thu_Fri_Sat','DEN','17:44:00','STL','20:54:00','3h 10m'),(412,'UA','Sun_Mon_Tue_Wed_Thu_Fri_Sat','AUS','18:32:00','SFO','21:07:00','2h 35m'),(415,'WN','Sun_Mon_Tue_Wed_Thu_Fri_Sat','MCI','07:21:00','LAX','09:27:00','2h 6m'),(417,'US','Mon_Wed_Thu_Fri','PHX','12:34:00','LAS','14:52:00','2h 18m'),(420,'AA','Sun_Mon_Tue_Wed_Thu_Fri_Sat','LAX','06:34:00','DCA','09:00:00','2h 26m'),(425,'WN','Mon_Wed_Thu_Fri','MCI','11:26:00','LAS','13:33:00','2h 7m'),(429,'US','Sun_Mon_Tue_Wed_Thu_Fri_Sat','DCA','07:31:00','MIA','10:22:00','2h 51m'),(432,'DL','Sun_Mon_Tue_Wed_Thu_Fri_Sat','LAX','07:49:00','SFO','11:15:00','3h 26m'),(433,'UA','Sun_Mon_Tue_Wed_Thu_Fri_Sat','LAX','17:57:00','SAN','21:09:00','3h 12m'),(439,'US','Mon_Wed_Thu_Fri','BWI','11:29:00','DFW','13:37:00','2h 8m'),(443,'US','Mon_Wed_Thu_Fri','HOU','12:43:00','DFW','14:50:00','2h 7m'),(444,'DL','Sun_Mon_Tue_Wed_Thu_Fri_Sat','JFK','07:55:00','PHL','10:44:00','2h 49m'),(445,'WN','Mon_Wed_Thu_Fri','OAK','12:57:00','LAS','15:11:00','2h 14m'),(447,'WN','Mon_Wed_Thu_Fri','ATL','11:42:00','DCA','15:05:00','3h 23m'),(450,'WN','Mon_Wed_Thu_Fri','LAS','11:02:00','OAK','13:15:00','2h 13m'),(455,'DL','Mon_Wed_Thu_Fri','TPA','12:29:00','LGA','15:41:00','3h 12m'),(456,'AA','Sun_Mon_Tue_Wed_Thu_Fri_Sat','SAN','18:13:00','SEA','21:13:00','3h 0m'),(461,'AA','Sun_Mon_Tue_Wed_Thu_Fri_Sat','MIA','06:19:00','DEN','09:10:00','2h 51m'),(463,'US','Sun_Mon_Tue_Wed_Thu_Fri_Sat','SEA','17:30:00','ORD','19:29:00','1h 59m'),(464,'WN','Sun_Mon_Tue_Wed_Thu_Fri_Sat','BOS','17:15:00','HOU','19:53:00','2h 38m'),(466,'AA','Mon_Wed_Thu_Fri','DFW','11:05:00','MIA','13:29:00','2h 24m'),(467,'WN','Mon_Wed_Thu_Fri','TPA','11:36:00','MCI','13:28:00','1h 52m'),(468,'B6','Mon_Wed_Thu_Fri','LAX','12:07:00','BOS','14:53:00','2h 46m'),(470,'UA','Mon_Wed_Thu_Fri','CLE','12:19:00','LAS','14:25:00','2h 6m'),(472,'UA','Sun_Mon_Tue_Wed_Thu_Fri_Sat','CLE','17:13:00','LGA','19:26:00','2h 13m'),(473,'UA','Sun_Mon_Tue_Wed_Thu_Fri_Sat','ORD','06:59:00','SFO','09:43:00','2h 44m'),(475,'AA','Sun_Mon_Tue_Wed_Thu_Fri_Sat','DEN','06:23:00','MIA','09:46:00','3h 23m'),(477,'US','Mon_Wed_Thu_Fri','PHL','12:08:00','SEA','14:55:00','2h 47m'),(479,'US','Sun_Mon_Tue_Wed_Thu_Fri_Sat','DFW','07:35:00','PHX','10:40:00','3h 5m'),(482,'UA','Sun_Mon_Tue_Wed_Thu_Fri_Sat','SFO','07:28:00','BWI','10:07:00','2h 39m'),(486,'US','Sun_Mon_Tue_Wed_Thu_Fri_Sat','PHL','06:59:00','SAN','09:14:00','2h 15m'),(497,'AA','Sun_Mon_Tue_Wed_Thu_Fri_Sat','MIA','17:08:00','LAX','19:31:00','2h 23m'),(498,'AA','Sun_Mon_Tue_Wed_Thu_Fri_Sat','BOS','06:46:00','LAX','08:48:00','2h 2m'),(499,'US','Mon_Wed_Thu_Fri','DCA','11:56:00','ORD','14:32:00','2h 36m'),(501,'UA','Mon_Wed_Thu_Fri','DEN','11:04:00','ATL','13:21:00','2h 17m'),(502,'WN','Sun_Mon_Tue_Wed_Thu_Fri_Sat','LAS','06:05:00','ATL','07:54:00','1h 49m'),(507,'US','Sun_Mon_Tue_Wed_Thu_Fri_Sat','STL','17:46:00','LGA','19:41:00','1h 55m'),(513,'US','Sun_Mon_Tue_Wed_Thu_Fri_Sat','JFK','17:29:00','TPA','19:34:00','2h 5m'),(519,'AA','Sun_Mon_Tue_Wed_Thu_Fri_Sat','PHX','18:01:00','SFO','20:16:00','2h 15m'),(524,'AA','Sun_Mon_Tue_Wed_Thu_Fri_Sat','SEA','07:36:00','DFW','09:55:00','2h 19m'),(525,'WN','Sun_Mon_Tue_Wed_Thu_Fri_Sat','BWI','06:32:00','BOS','09:12:00','2h 40m'),(527,'WN','Mon_Wed_Thu_Fri','STL','12:43:00','MCI','15:21:00','2h 38m'),(528,'US','Sun_Mon_Tue_Wed_Thu_Fri_Sat','CLE','18:49:00','JFK','21:27:00','2h 38m'),(529,'UA','Sun_Mon_Tue_Wed_Thu_Fri_Sat','PHX','18:48:00','DEN','21:05:00','2h 17m'),(530,'US','Sun_Mon_Tue_Wed_Thu_Fri_Sat','ORD','07:20:00','DCA','10:05:00','2h 45m'),(533,'WN','Sun_Mon_Tue_Wed_Thu_Fri_Sat','LAS','17:51:00','SFO','20:26:00','2h 35m'),(536,'AA','Sun_Mon_Tue_Wed_Thu_Fri_Sat','ATL','07:59:00','DFW','10:32:00','2h 33m'),(538,'US','Sun_Mon_Tue_Wed_Thu_Fri_Sat','ORD','18:52:00','PHX','21:18:00','2h 26m'),(539,'B6','Sun_Mon_Tue_Wed_Thu_Fri_Sat','AUS','07:52:00','JFK','11:14:00','3h 22m'),(552,'WN','Sun_Mon_Tue_Wed_Thu_Fri_Sat','ATL','07:06:00','MCI','09:32:00','2h 26m'),(553,'US','Mon_Wed_Thu_Fri','JFK','12:55:00','MIA','15:44:00','2h 49m'),(560,'WN','Sun_Mon_Tue_Wed_Thu_Fri_Sat','SFO','07:50:00','LAX','09:56:00','2h 6m'),(561,'UA','Sun_Mon_Tue_Wed_Thu_Fri_Sat','SFO','18:12:00','PDX','19:57:00','1h 45m'),(563,'US','Mon_Wed_Thu_Fri','LGA','11:35:00','DFW','14:29:00','2h 54m'),(564,'AA','Sun_Mon_Tue_Wed_Thu_Fri_Sat','ORD','18:56:00','MCI','22:13:00','3h 17m'),(567,'US','Sun_Mon_Tue_Wed_Thu_Fri_Sat','MIA','17:24:00','SAN','19:16:00','1h 52m'),(570,'WN','Sun_Mon_Tue_Wed_Thu_Fri_Sat','PHL','07:54:00','PHX','11:06:00','3h 12m'),(571,'UA','Sun_Mon_Tue_Wed_Thu_Fri_Sat','MIA','06:20:00','ORD','09:43:00','3h 23m'),(574,'DL','Sun_Mon_Tue_Wed_Thu_Fri_Sat','AUS','18:01:00','ATL','21:13:00','3h 12m'),(575,'AA','Mon_Wed_Thu_Fri','SFO','12:54:00','SEA','16:04:00','3h 10m'),(579,'US','Mon_Wed_Thu_Fri','BOS','12:19:00','DCA','14:16:00','1h 57m'),(589,'US','Mon_Wed_Thu_Fri','ATL','11:36:00','PHX','14:28:00','2h 52m'),(590,'AA','Sun_Mon_Tue_Wed_Thu_Fri_Sat','SEA','06:53:00','SFO','09:29:00','2h 36m'),(592,'AA','Sun_Mon_Tue_Wed_Thu_Fri_Sat','DFW','17:47:00','PDX','19:36:00','1h 49m'),(596,'AA','Sun_Mon_Tue_Wed_Thu_Fri_Sat','JFK','06:44:00','SFO','09:42:00','2h 58m'),(598,'US','Sun_Mon_Tue_Wed_Thu_Fri_Sat','PHX','17:30:00','OAK','20:34:00','3h 4m'),(600,'UA','Mon_Wed_Thu_Fri','STL','12:44:00','SFO','16:12:00','3h 28m'),(601,'AA','Mon_Wed_Thu_Fri','DCA','12:12:00','MCI','14:43:00','2h 31m'),(602,'UA','Sun_Mon_Tue_Wed_Thu_Fri_Sat','SEA','17:07:00','PDX','19:09:00','2h 2m'),(609,'WN','Mon_Wed_Thu_Fri','PHL','12:07:00','LAS','14:10:00','2h 3m'),(613,'AA','Mon_Wed_Thu_Fri','PHL','11:51:00','MIA','13:58:00','2h 7m'),(616,'US','Sun_Mon_Tue_Wed_Thu_Fri_Sat','LAX','17:44:00','ORD','21:01:00','3h 17m'),(617,'US','Mon_Wed_Thu_Fri','MIA','11:44:00','ATL','13:59:00','2h 15m'),(619,'WN','Sun_Mon_Tue_Wed_Thu_Fri_Sat','BWI','18:29:00','LAS','20:22:00','1h 53m'),(622,'US','Sun_Mon_Tue_Wed_Thu_Fri_Sat','ATL','18:28:00','MIA','21:52:00','3h 24m'),(623,'US','Mon_Wed_Thu_Fri','JFK','12:35:00','CLE','14:57:00','2h 22m'),(626,'US','Sun_Mon_Tue_Wed_Thu_Fri_Sat','BWI','17:10:00','MIA','20:15:00','3h 5m'),(628,'US','Sun_Mon_Tue_Wed_Thu_Fri_Sat','ORD','06:37:00','SAN','09:51:00','3h 14m'),(633,'WN','Mon_Wed_Thu_Fri','OAK','12:25:00','LAX','14:55:00','2h 30m'),(634,'B6','Mon_Wed_Thu_Fri','SFO','12:28:00','AUS','15:39:00','3h 11m'),(635,'AA','Mon_Wed_Thu_Fri','MIA','12:19:00','DEN','15:10:00','2h 51m'),(641,'US','Sun_Mon_Tue_Wed_Thu_Fri_Sat','DFW','17:44:00','MCI','19:46:00','2h 2m'),(644,'DL','Mon_Wed_Thu_Fri','BOS','11:19:00','LAX','13:06:00','1h 47m'),(646,'WN','Mon_Wed_Thu_Fri','HOU','12:39:00','DCA','14:34:00','1h 55m'),(647,'US','Sun_Mon_Tue_Wed_Thu_Fri_Sat','PHX','07:55:00','BWI','09:47:00','1h 52m'),(649,'UA','Sun_Mon_Tue_Wed_Thu_Fri_Sat','ATL','06:27:00','LGA','08:50:00','2h 23m'),(650,'AA','Sun_Mon_Tue_Wed_Thu_Fri_Sat','PDX','17:00:00','ORD','20:17:00','3h 17m'),(662,'UA','Sun_Mon_Tue_Wed_Thu_Fri_Sat','SFO','18:37:00','MCI','21:17:00','2h 40m'),(664,'B6','Mon_Wed_Thu_Fri','BOS','11:18:00','JFK','14:14:00','2h 56m'),(668,'US','Mon_Wed_Thu_Fri','DFW','11:51:00','ORD','15:18:00','3h 27m'),(669,'UA','Sun_Mon_Tue_Wed_Thu_Fri_Sat','BWI','17:57:00','ORD','20:39:00','2h 42m'),(670,'AA','Sun_Mon_Tue_Wed_Thu_Fri_Sat','PHL','17:05:00','BOS','19:46:00','2h 41m'),(672,'AA','Sun_Mon_Tue_Wed_Thu_Fri_Sat','DCA','06:29:00','STL','09:36:00','3h 7m'),(675,'AA','Sun_Mon_Tue_Wed_Thu_Fri_Sat','MIA','07:46:00','CLE','10:20:00','2h 34m'),(679,'WN','Sun_Mon_Tue_Wed_Thu_Fri_Sat','TPA','18:31:00','LAS','21:17:00','2h 46m'),(680,'UA','Mon_Wed_Thu_Fri','BOS','12:29:00','SFO','15:16:00','2h 47m'),(683,'US','Sun_Mon_Tue_Wed_Thu_Fri_Sat','PHX','06:17:00','DEN','08:24:00','2h 7m'),(686,'DL','Mon_Wed_Thu_Fri','LAX','11:02:00','MCI','13:53:00','2h 51m'),(691,'AA','Mon_Wed_Thu_Fri','LAX','11:56:00','BOS','15:02:00','3h 6m'),(695,'DL','Mon_Wed_Thu_Fri','OAK','12:31:00','LAX','15:45:00','3h 14m'),(696,'US','Sun_Mon_Tue_Wed_Thu_Fri_Sat','PHX','07:26:00','ORD','10:20:00','2h 54m'),(698,'US','Sun_Mon_Tue_Wed_Thu_Fri_Sat','PHL','06:28:00','ATL','09:26:00','2h 58m'),(704,'WN','Sun_Mon_Tue_Wed_Thu_Fri_Sat','DEN','17:27:00','LGA','20:32:00','3h 5m'),(706,'AA','Mon_Wed_Thu_Fri','MIA','12:22:00','PHL','15:11:00','2h 49m'),(714,'AA','Sun_Mon_Tue_Wed_Thu_Fri_Sat','DCA','06:53:00','PDX','10:07:00','3h 14m'),(716,'AA','Sun_Mon_Tue_Wed_Thu_Fri_Sat','JFK','18:36:00','MIA','21:35:00','2h 59m'),(717,'DL','Sun_Mon_Tue_Wed_Thu_Fri_Sat','ATL','07:51:00','STL','09:51:00','2h 0m'),(720,'DL','Sun_Mon_Tue_Wed_Thu_Fri_Sat','OAK','06:52:00','LAX','10:06:00','3h 14m'),(721,'WN','Mon_Wed_Thu_Fri','LAS','12:54:00','ATL','14:43:00','1h 49m'),(723,'AA','Mon_Wed_Thu_Fri','PHL','11:30:00','ORD','14:41:00','3h 11m'),(726,'WN','Sun_Mon_Tue_Wed_Thu_Fri_Sat','MCI','18:57:00','STL','22:00:00','3h 3m'),(727,'AA','Sun_Mon_Tue_Wed_Thu_Fri_Sat','PHL','07:53:00','BOS','10:34:00','2h 41m'),(728,'B6','Sun_Mon_Tue_Wed_Thu_Fri_Sat','HOU','06:45:00','JFK','09:44:00','2h 59m'),(729,'DL','Sun_Mon_Tue_Wed_Thu_Fri_Sat','ATL','17:52:00','PHX','19:48:00','1h 56m'),(731,'AA','Sun_Mon_Tue_Wed_Thu_Fri_Sat','BOS','17:09:00','JFK','20:28:00','3h 19m'),(732,'AA','Sun_Mon_Tue_Wed_Thu_Fri_Sat','DCA','07:06:00','MCI','09:37:00','2h 31m'),(746,'B6','Sun_Mon_Tue_Wed_Thu_Fri_Sat','AUS','17:29:00','BOS','19:18:00','1h 49m'),(748,'WN','Sun_Mon_Tue_Wed_Thu_Fri_Sat','SEA','17:43:00','OAK','20:28:00','2h 45m'),(752,'US','Sun_Mon_Tue_Wed_Thu_Fri_Sat','PHX','17:46:00','DEN','19:53:00','2h 7m'),(754,'WN','Sun_Mon_Tue_Wed_Thu_Fri_Sat','LAX','07:19:00','MCI','10:02:00','2h 43m'),(760,'B6','Sun_Mon_Tue_Wed_Thu_Fri_Sat','BOS','17:08:00','AUS','20:38:00','3h 30m'),(763,'DL','Sun_Mon_Tue_Wed_Thu_Fri_Sat','LAX','18:17:00','MCI','21:08:00','2h 51m'),(764,'AA','Sun_Mon_Tue_Wed_Thu_Fri_Sat','LAX','18:17:00','SAN','20:04:00','1h 47m'),(767,'US','Sun_Mon_Tue_Wed_Thu_Fri_Sat','DCA','06:15:00','PHL','09:34:00','3h 19m'),(770,'AA','Sun_Mon_Tue_Wed_Thu_Fri_Sat','ORD','18:07:00','SAN','21:19:00','3h 12m'),(771,'DL','Sun_Mon_Tue_Wed_Thu_Fri_Sat','LAS','18:40:00','JFK','22:08:00','3h 28m'),(772,'UA','Sun_Mon_Tue_Wed_Thu_Fri_Sat','ATL','07:58:00','CLE','10:37:00','2h 39m'),(780,'WN','Sun_Mon_Tue_Wed_Thu_Fri_Sat','PHX','18:21:00','LAS','21:43:00','3h 22m'),(782,'WN','Sun_Mon_Tue_Wed_Thu_Fri_Sat','DEN','17:25:00','SFO','19:53:00','2h 28m'),(784,'US','Sun_Mon_Tue_Wed_Thu_Fri_Sat','ORD','18:57:00','BOS','21:54:00','2h 57m'),(789,'AA','Sun_Mon_Tue_Wed_Thu_Fri_Sat','ORD','17:43:00','PHL','19:34:00','1h 51m'),(797,'US','Sun_Mon_Tue_Wed_Thu_Fri_Sat','MCI','07:16:00','PHX','09:19:00','2h 3m'),(801,'WN','Sun_Mon_Tue_Wed_Thu_Fri_Sat','TPA','07:49:00','BWI','11:11:00','3h 22m'),(811,'AA','Sun_Mon_Tue_Wed_Thu_Fri_Sat','ATL','06:46:00','PHX','08:27:00','1h 41m'),(813,'US','Sun_Mon_Tue_Wed_Thu_Fri_Sat','PHX','06:20:00','SFO','09:25:00','3h 5m'),(815,'WN','Sun_Mon_Tue_Wed_Thu_Fri_Sat','PHL','17:13:00','TPA','19:06:00','1h 53m'),(822,'B6','Sun_Mon_Tue_Wed_Thu_Fri_Sat','AUS','18:06:00','SFO','20:40:00','2h 34m'),(823,'WN','Sun_Mon_Tue_Wed_Thu_Fri_Sat','LGA','17:36:00','STL','21:02:00','3h 26m'),(825,'UA','Sun_Mon_Tue_Wed_Thu_Fri_Sat','PDX','17:48:00','SFO','20:51:00','3h 3m'),(826,'US','Sun_Mon_Tue_Wed_Thu_Fri_Sat','ORD','06:00:00','STL','08:23:00','2h 23m'),(828,'US','Sun_Mon_Tue_Wed_Thu_Fri_Sat','PHL','17:51:00','TPA','20:56:00','3h 5m'),(832,'UA','Sun_Mon_Tue_Wed_Thu_Fri_Sat','LGA','06:05:00','ORD','08:59:00','2h 54m'),(834,'DL','Mon_Wed_Thu_Fri','LGA','12:03:00','CLE','13:45:00','1h 42m'),(835,'WN','Sun_Mon_Tue_Wed_Thu_Fri_Sat','HOU','17:48:00','AUS','21:17:00','3h 29m'),(836,'US','Sun_Mon_Tue_Wed_Thu_Fri_Sat','PHX','18:51:00','SEA','20:40:00','1h 49m'),(840,'WN','Sun_Mon_Tue_Wed_Thu_Fri_Sat','HOU','06:41:00','SAN','09:46:00','3h 5m'),(851,'DL','Sun_Mon_Tue_Wed_Thu_Fri_Sat','LAX','17:39:00','SEA','20:16:00','2h 37m'),(856,'AA','Mon_Wed_Thu_Fri','PHL','11:46:00','SAN','15:15:00','3h 29m'),(857,'DL','Mon_Wed_Thu_Fri','ORD','11:34:00','ATL','14:20:00','2h 46m'),(868,'WN','Sun_Mon_Tue_Wed_Thu_Fri_Sat','PHX','07:18:00','AUS','10:28:00','3h 10m'),(870,'US','Mon_Wed_Thu_Fri','TPA','12:50:00','JFK','14:31:00','1h 41m'),(872,'B6','Sun_Mon_Tue_Wed_Thu_Fri_Sat','PHL','07:56:00','BOS','09:43:00','1h 47m'),(874,'B6','Mon_Wed_Thu_Fri','JFK','11:34:00','PHX','14:03:00','2h 29m'),(880,'WN','Sun_Mon_Tue_Wed_Thu_Fri_Sat','LAS','07:04:00','SFO','09:39:00','2h 35m'),(889,'US','Sun_Mon_Tue_Wed_Thu_Fri_Sat','PHL','17:54:00','LGA','20:52:00','2h 58m'),(890,'DL','Sun_Mon_Tue_Wed_Thu_Fri_Sat','CLE','07:09:00','JFK','10:33:00','3h 24m'),(891,'DL','Mon_Wed_Thu_Fri','JFK','12:40:00','STL','14:24:00','1h 44m'),(893,'WN','Mon_Wed_Thu_Fri','MCI','11:27:00','STL','14:30:00','3h 3m'),(896,'AA','Sun_Mon_Tue_Wed_Thu_Fri_Sat','BWI','17:04:00','JFK','19:14:00','2h 10m'),(898,'AA','Sun_Mon_Tue_Wed_Thu_Fri_Sat','ORD','17:37:00','MIA','20:52:00','3h 15m'),(899,'AA','Sun_Mon_Tue_Wed_Thu_Fri_Sat','LAS','06:38:00','ORD','09:58:00','3h 20m'),(903,'US','Sun_Mon_Tue_Wed_Thu_Fri_Sat','BOS','18:14:00','LGA','20:17:00','2h 3m'),(904,'AA','Sun_Mon_Tue_Wed_Thu_Fri_Sat','JFK','07:03:00','PHX','09:53:00','2h 50m'),(907,'AA','Mon_Wed_Thu_Fri','PDX','11:44:00','OAK','14:10:00','2h 26m'),(911,'AA','Sun_Mon_Tue_Wed_Thu_Fri_Sat','PHX','17:03:00','TPA','18:57:00','1h 54m'),(918,'US','Sun_Mon_Tue_Wed_Thu_Fri_Sat','SEA','17:19:00','PHL','19:02:00','1h 43m'),(919,'WN','Sun_Mon_Tue_Wed_Thu_Fri_Sat','DEN','17:48:00','LAX','20:04:00','2h 16m'),(924,'DL','Mon_Wed_Thu_Fri','SAN','11:32:00','LAX','14:01:00','2h 29m'),(926,'UA','Mon_Wed_Thu_Fri','PDX','11:59:00','SEA','14:58:00','2h 59m'),(929,'US','Sun_Mon_Tue_Wed_Thu_Fri_Sat','MIA','06:30:00','DCA','08:44:00','2h 14m'),(930,'AA','Sun_Mon_Tue_Wed_Thu_Fri_Sat','PHL','18:06:00','MIA','20:13:00','2h 7m'),(935,'US','Sun_Mon_Tue_Wed_Thu_Fri_Sat','JFK','18:03:00','LAX','21:05:00','3h 2m'),(945,'WN','Sun_Mon_Tue_Wed_Thu_Fri_Sat','STL','18:43:00','PHX','20:58:00','2h 15m'),(948,'US','Sun_Mon_Tue_Wed_Thu_Fri_Sat','MIA','07:31:00','LAS','10:06:00','2h 35m'),(950,'US','Sun_Mon_Tue_Wed_Thu_Fri_Sat','DFW','06:00:00','STL','08:48:00','2h 48m'),(954,'US','Sun_Mon_Tue_Wed_Thu_Fri_Sat','PHX','18:53:00','MIA','22:13:00','3h 20m'),(956,'UA','Sun_Mon_Tue_Wed_Thu_Fri_Sat','CLE','17:27:00','MCI','19:13:00','1h 46m'),(957,'AA','Sun_Mon_Tue_Wed_Thu_Fri_Sat','LAX','18:47:00','MIA','21:51:00','3h 4m'),(960,'WN','Sun_Mon_Tue_Wed_Thu_Fri_Sat','LAS','07:29:00','TPA','09:38:00','2h 9m'),(965,'WN','Mon_Wed_Thu_Fri','STL','11:11:00','PHX','13:26:00','2h 15m'),(966,'US','Sun_Mon_Tue_Wed_Thu_Fri_Sat','LAS','17:28:00','PHL','20:05:00','2h 37m'),(968,'UA','Mon_Wed_Thu_Fri','DEN','11:04:00','DFW','13:22:00','2h 18m'),(972,'AA','Sun_Mon_Tue_Wed_Thu_Fri_Sat','MIA','06:51:00','LGA','09:43:00','2h 52m'),(973,'DL','Sun_Mon_Tue_Wed_Thu_Fri_Sat','JFK','06:59:00','ORD','09:33:00','2h 34m'),(978,'AA','Sun_Mon_Tue_Wed_Thu_Fri_Sat','PDX','06:11:00','DCA','09:31:00','3h 20m'),(979,'UA','Mon_Wed_Thu_Fri','LAX','12:22:00','AUS','14:33:00','2h 11m'),(981,'US','Sun_Mon_Tue_Wed_Thu_Fri_Sat','LAX','07:00:00','BOS','09:39:00','2h 39m'),(987,'AA','Sun_Mon_Tue_Wed_Thu_Fri_Sat','CLE','17:19:00','MIA','19:58:00','2h 39m'),(988,'DL','Sun_Mon_Tue_Wed_Thu_Fri_Sat','TPA','17:45:00','LAX','20:46:00','3h 1m'),(990,'DL','Mon_Wed_Thu_Fri','JFK','11:30:00','DFW','14:09:00','2h 39m'),(991,'DL','Mon_Wed_Thu_Fri','LAX','11:59:00','JFK','13:52:00','1h 53m'),(994,'WN','Sun_Mon_Tue_Wed_Thu_Fri_Sat','ATL','06:46:00','SFO','09:23:00','2h 37m'),(996,'DL','Sun_Mon_Tue_Wed_Thu_Fri_Sat','DFW','07:01:00','JFK','09:39:00','2h 38m'),(1001,'WN','Mon_Wed_Thu_Fri','MCI','12:59:00','DEN','15:49:00','2h 50m'),(1003,'WN','Sun_Mon_Tue_Wed_Thu_Fri_Sat','AUS','18:54:00','DCA','21:09:00','2h 15m'),(1008,'US','Sun_Mon_Tue_Wed_Thu_Fri_Sat','DFW','18:38:00','JFK','22:02:00','3h 24m'),(1009,'WN','Sun_Mon_Tue_Wed_Thu_Fri_Sat','PHL','07:08:00','DEN','09:03:00','1h 55m'),(1010,'WN','Sun_Mon_Tue_Wed_Thu_Fri_Sat','HOU','17:53:00','TPA','20:34:00','2h 41m'),(1011,'DL','Sun_Mon_Tue_Wed_Thu_Fri_Sat','DEN','07:45:00','ATL','09:46:00','2h 1m'),(1015,'WN','Sun_Mon_Tue_Wed_Thu_Fri_Sat','AUS','18:43:00','ATL','20:38:00','1h 55m'),(1016,'AA','Mon_Wed_Thu_Fri','MIA','11:41:00','SAN','14:59:00','3h 18m'),(1019,'AA','Mon_Wed_Thu_Fri','PHX','11:32:00','SEA','13:32:00','2h 0m'),(1020,'DL','Sun_Mon_Tue_Wed_Thu_Fri_Sat','PHL','07:08:00','JFK','10:31:00','3h 23m'),(1024,'AA','Sun_Mon_Tue_Wed_Thu_Fri_Sat','DCA','06:48:00','MIA','09:00:00','2h 12m'),(1031,'AA','Sun_Mon_Tue_Wed_Thu_Fri_Sat','LAS','18:01:00','LAX','21:11:00','3h 10m'),(1037,'US','Mon_Wed_Thu_Fri','LAS','12:23:00','PHL','15:00:00','2h 37m'),(1038,'AA','Mon_Wed_Thu_Fri','BOS','11:29:00','DFW','13:47:00','2h 18m'),(1039,'US','Sun_Mon_Tue_Wed_Thu_Fri_Sat','MIA','17:24:00','STL','20:14:00','2h 50m'),(1041,'DL','Mon_Wed_Thu_Fri','ATL','12:28:00','DFW','14:36:00','2h 8m'),(1043,'B6','Sun_Mon_Tue_Wed_Thu_Fri_Sat','SEA','17:31:00','BOS','21:01:00','3h 30m'),(1045,'B6','Mon_Wed_Thu_Fri','SEA','11:03:00','BOS','14:33:00','3h 30m'),(1047,'AA','Sun_Mon_Tue_Wed_Thu_Fri_Sat','CLE','18:32:00','DFW','20:35:00','2h 3m'),(1060,'WN','Sun_Mon_Tue_Wed_Thu_Fri_Sat','PHX','17:27:00','BWI','20:21:00','2h 54m'),(1062,'US','Sun_Mon_Tue_Wed_Thu_Fri_Sat','DEN','07:05:00','LAX','09:30:00','2h 25m'),(1063,'US','Mon_Wed_Thu_Fri','SFO','11:06:00','PHL','14:21:00','3h 15m'),(1077,'US','Sun_Mon_Tue_Wed_Thu_Fri_Sat','BOS','06:12:00','DCA','08:09:00','1h 57m'),(1078,'DL','Sun_Mon_Tue_Wed_Thu_Fri_Sat','LAS','17:52:00','SEA','19:47:00','1h 55m'),(1080,'AA','Sun_Mon_Tue_Wed_Thu_Fri_Sat','MIA','07:52:00','STL','09:56:00','2h 4m'),(1086,'DL','Sun_Mon_Tue_Wed_Thu_Fri_Sat','LGA','17:22:00','CLE','19:04:00','1h 42m'),(1088,'WN','Mon_Wed_Thu_Fri','SAN','12:35:00','ATL','15:59:00','3h 24m'),(1093,'AA','Mon_Wed_Thu_Fri','ATL','11:50:00','DFW','14:23:00','2h 33m'),(1094,'US','Sun_Mon_Tue_Wed_Thu_Fri_Sat','PHX','06:52:00','SEA','08:41:00','1h 49m'),(1095,'US','Mon_Wed_Thu_Fri','DCA','12:04:00','PHL','15:23:00','3h 19m'),(1096,'AA','Mon_Wed_Thu_Fri','ORD','11:06:00','TPA','14:23:00','3h 17m'),(1100,'UA','Sun_Mon_Tue_Wed_Thu_Fri_Sat','LAX','06:31:00','DFW','08:31:00','2h 0m'),(1102,'DL','Sun_Mon_Tue_Wed_Thu_Fri_Sat','TPA','17:57:00','JFK','20:31:00','2h 34m'),(1104,'DL','Mon_Wed_Thu_Fri','SFO','12:21:00','SEA','15:46:00','3h 25m'),(1106,'AA','Sun_Mon_Tue_Wed_Thu_Fri_Sat','BOS','06:48:00','JFK','10:07:00','3h 19m'),(1108,'WN','Sun_Mon_Tue_Wed_Thu_Fri_Sat','LAX','06:30:00','STL','08:45:00','2h 15m'),(1110,'DL','Sun_Mon_Tue_Wed_Thu_Fri_Sat','LGA','06:18:00','BOS','08:45:00','2h 27m'),(1111,'AA','Sun_Mon_Tue_Wed_Thu_Fri_Sat','ATL','06:34:00','MIA','09:00:00','2h 26m'),(1113,'US','Sun_Mon_Tue_Wed_Thu_Fri_Sat','LAX','07:24:00','DEN','09:10:00','1h 46m'),(1115,'US','Sun_Mon_Tue_Wed_Thu_Fri_Sat','AUS','18:29:00','PHL','21:43:00','3h 14m'),(1127,'AA','Sun_Mon_Tue_Wed_Thu_Fri_Sat','PHX','18:53:00','OAK','20:41:00','1h 48m'),(1128,'WN','Sun_Mon_Tue_Wed_Thu_Fri_Sat','DEN','17:52:00','MCI','20:59:00','3h 7m'),(1129,'AA','Sun_Mon_Tue_Wed_Thu_Fri_Sat','MIA','07:49:00','DFW','10:02:00','2h 13m'),(1135,'AA','Sun_Mon_Tue_Wed_Thu_Fri_Sat','DFW','17:22:00','HOU','20:50:00','3h 28m'),(1142,'DL','Sun_Mon_Tue_Wed_Thu_Fri_Sat','LGA','07:43:00','MCI','09:32:00','1h 49m'),(1148,'AA','Sun_Mon_Tue_Wed_Thu_Fri_Sat','PHX','18:10:00','DCA','20:20:00','2h 10m'),(1150,'AA','Mon_Wed_Thu_Fri','TPA','11:17:00','DFW','13:37:00','2h 20m'),(1157,'AA','Mon_Wed_Thu_Fri','SEA','11:30:00','ORD','14:03:00','2h 33m'),(1159,'US','Sun_Mon_Tue_Wed_Thu_Fri_Sat','PHX','07:11:00','SAN','08:59:00','1h 48m'),(1161,'US','Sun_Mon_Tue_Wed_Thu_Fri_Sat','SFO','18:01:00','JFK','21:12:00','3h 11m'),(1162,'AA','Mon_Wed_Thu_Fri','LAX','11:33:00','DFW','14:45:00','3h 12m'),(1163,'US','Mon_Wed_Thu_Fri','DCA','11:50:00','STL','14:24:00','2h 34m'),(1164,'AA','Mon_Wed_Thu_Fri','JFK','11:42:00','TPA','13:36:00','1h 54m'),(1165,'DL','Sun_Mon_Tue_Wed_Thu_Fri_Sat','LGA','17:37:00','BOS','20:04:00','2h 27m'),(1167,'US','Sun_Mon_Tue_Wed_Thu_Fri_Sat','DCA','07:56:00','TPA','11:18:00','3h 22m'),(1169,'AA','Sun_Mon_Tue_Wed_Thu_Fri_Sat','ORD','18:40:00','BOS','21:24:00','2h 44m'),(1170,'US','Sun_Mon_Tue_Wed_Thu_Fri_Sat','PHL','18:31:00','STL','20:35:00','2h 4m'),(1174,'DL','Sun_Mon_Tue_Wed_Thu_Fri_Sat','ATL','18:17:00','LAX','20:26:00','2h 9m'),(1181,'DL','Mon_Wed_Thu_Fri','LGA','11:38:00','ORD','14:39:00','3h 1m'),(1182,'AA','Sun_Mon_Tue_Wed_Thu_Fri_Sat','ATL','17:45:00','PHX','19:26:00','1h 41m'),(1186,'UA','Sun_Mon_Tue_Wed_Thu_Fri_Sat','MCI','06:07:00','DEN','07:50:00','1h 43m'),(1189,'DL','Mon_Wed_Thu_Fri','MIA','11:43:00','ATL','14:21:00','2h 38m'),(1194,'UA','Sun_Mon_Tue_Wed_Thu_Fri_Sat','TPA','06:52:00','DEN','09:58:00','3h 6m'),(1196,'UA','Sun_Mon_Tue_Wed_Thu_Fri_Sat','LGA','07:40:00','DEN','09:38:00','1h 58m'),(1197,'US','Mon_Wed_Thu_Fri','PHL','12:38:00','AUS','14:45:00','2h 7m'),(1199,'WN','Sun_Mon_Tue_Wed_Thu_Fri_Sat','LAS','17:43:00','BWI','20:36:00','2h 53m'),(1203,'B6','Sun_Mon_Tue_Wed_Thu_Fri_Sat','BOS','18:03:00','ORD','19:54:00','1h 51m'),(1205,'AA','Sun_Mon_Tue_Wed_Thu_Fri_Sat','PHX','18:37:00','LAX','21:49:00','3h 12m'),(1210,'US','Sun_Mon_Tue_Wed_Thu_Fri_Sat','DCA','07:40:00','PHX','10:41:00','3h 1m'),(1212,'US','Mon_Wed_Thu_Fri','PDX','12:55:00','ORD','15:49:00','2h 54m'),(1213,'B6','Mon_Wed_Thu_Fri','AUS','12:22:00','JFK','15:44:00','3h 22m'),(1215,'UA','Mon_Wed_Thu_Fri','ATL','11:22:00','CLE','14:01:00','2h 39m'),(1216,'US','Sun_Mon_Tue_Wed_Thu_Fri_Sat','LAS','07:30:00','JFK','09:51:00','2h 21m'),(1217,'AA','Sun_Mon_Tue_Wed_Thu_Fri_Sat','PHX','06:21:00','DFW','08:03:00','1h 42m'),(1218,'DL','Sun_Mon_Tue_Wed_Thu_Fri_Sat','ATL','07:20:00','SEA','10:28:00','3h 8m'),(1221,'WN','Sun_Mon_Tue_Wed_Thu_Fri_Sat','DCA','18:28:00','AUS','21:19:00','2h 51m'),(1223,'US','Sun_Mon_Tue_Wed_Thu_Fri_Sat','PHX','06:52:00','JFK','10:15:00','3h 23m'),(1224,'AA','Sun_Mon_Tue_Wed_Thu_Fri_Sat','DFW','06:57:00','ORD','08:59:00','2h 2m'),(1230,'WN','Mon_Wed_Thu_Fri','TPA','12:36:00','ATL','14:19:00','1h 43m'),(1231,'UA','Sun_Mon_Tue_Wed_Thu_Fri_Sat','SEA','18:04:00','SFO','19:54:00','1h 50m'),(1234,'DL','Sun_Mon_Tue_Wed_Thu_Fri_Sat','SEA','18:50:00','JFK','21:03:00','2h 13m'),(1244,'UA','Sun_Mon_Tue_Wed_Thu_Fri_Sat','CLE','06:19:00','BOS','09:12:00','2h 53m'),(1247,'US','Sun_Mon_Tue_Wed_Thu_Fri_Sat','DCA','07:41:00','LGA','10:06:00','2h 25m'),(1249,'US','Sun_Mon_Tue_Wed_Thu_Fri_Sat','ORD','18:08:00','AUS','21:12:00','3h 4m'),(1252,'US','Sun_Mon_Tue_Wed_Thu_Fri_Sat','MIA','06:42:00','DEN','09:08:00','2h 26m'),(1255,'AA','Sun_Mon_Tue_Wed_Thu_Fri_Sat','LAX','17:57:00','SEA','19:42:00','1h 45m'),(1258,'B6','Sun_Mon_Tue_Wed_Thu_Fri_Sat','LAS','17:16:00','JFK','19:51:00','2h 35m'),(1259,'WN','Sun_Mon_Tue_Wed_Thu_Fri_Sat','PHX','18:09:00','ATL','20:59:00','2h 50m'),(1266,'AA','Mon_Wed_Thu_Fri','SFO','12:30:00','JFK','15:39:00','3h 9m'),(1270,'DL','Sun_Mon_Tue_Wed_Thu_Fri_Sat','ATL','18:39:00','STL','20:39:00','2h 0m'),(1271,'DL','Sun_Mon_Tue_Wed_Thu_Fri_Sat','SFO','07:25:00','SEA','10:50:00','3h 25m'),(1276,'US','Mon_Wed_Thu_Fri','LAS','11:04:00','DFW','14:03:00','2h 59m'),(1277,'US','Sun_Mon_Tue_Wed_Thu_Fri_Sat','CLE','07:20:00','DFW','10:04:00','2h 44m'),(1286,'UA','Sun_Mon_Tue_Wed_Thu_Fri_Sat','SFO','17:08:00','CLE','19:44:00','2h 36m'),(1294,'AA','Sun_Mon_Tue_Wed_Thu_Fri_Sat','MIA','07:33:00','JFK','09:42:00','2h 9m'),(1295,'AA','Sun_Mon_Tue_Wed_Thu_Fri_Sat','BOS','17:10:00','PHX','20:31:00','3h 21m'),(1296,'AA','Sun_Mon_Tue_Wed_Thu_Fri_Sat','TPA','07:28:00','MIA','10:14:00','2h 46m'),(1306,'DL','Mon_Wed_Thu_Fri','BOS','11:19:00','LGA','13:05:00','1h 46m'),(1308,'AA','Sun_Mon_Tue_Wed_Thu_Fri_Sat','STL','18:36:00','DCA','21:28:00','2h 52m'),(1309,'WN','Sun_Mon_Tue_Wed_Thu_Fri_Sat','LAS','17:34:00','HOU','19:49:00','2h 15m'),(1311,'WN','Sun_Mon_Tue_Wed_Thu_Fri_Sat','DCA','07:11:00','HOU','10:22:00','3h 11m'),(1317,'US','Mon_Wed_Thu_Fri','PHL','11:47:00','SAN','14:02:00','2h 15m'),(1323,'DL','Sun_Mon_Tue_Wed_Thu_Fri_Sat','ATL','18:46:00','SAN','20:26:00','1h 40m'),(1326,'UA','Sun_Mon_Tue_Wed_Thu_Fri_Sat','BWI','17:44:00','DEN','19:24:00','1h 40m'),(1335,'DL','Sun_Mon_Tue_Wed_Thu_Fri_Sat','JFK','06:42:00','PHX','09:32:00','2h 50m'),(1336,'AA','Sun_Mon_Tue_Wed_Thu_Fri_Sat','STL','07:08:00','LAX','09:36:00','2h 28m'),(1337,'US','Sun_Mon_Tue_Wed_Thu_Fri_Sat','DCA','07:52:00','BOS','11:19:00','3h 27m'),(1338,'WN','Sun_Mon_Tue_Wed_Thu_Fri_Sat','HOU','07:45:00','BOS','09:39:00','1h 54m'),(1353,'US','Sun_Mon_Tue_Wed_Thu_Fri_Sat','PHL','18:02:00','BOS','19:46:00','1h 44m'),(1362,'WN','Mon_Wed_Thu_Fri','AUS','11:17:00','LAS','13:14:00','1h 57m'),(1363,'DL','Sun_Mon_Tue_Wed_Thu_Fri_Sat','SFO','07:01:00','ATL','09:12:00','2h 11m'),(1366,'UA','Sun_Mon_Tue_Wed_Thu_Fri_Sat','ORD','07:01:00','SEA','09:18:00','2h 17m'),(1369,'DL','Sun_Mon_Tue_Wed_Thu_Fri_Sat','LAX','18:49:00','ATL','20:49:00','2h 0m'),(1371,'UA','Mon_Wed_Thu_Fri','LAX','12:56:00','SAN','16:08:00','3h 12m'),(1374,'US','Sun_Mon_Tue_Wed_Thu_Fri_Sat','ORD','17:50:00','TPA','21:08:00','3h 18m'),(1378,'AA','Sun_Mon_Tue_Wed_Thu_Fri_Sat','DCA','18:22:00','PHX','21:23:00','3h 1m'),(1380,'AA','Mon_Wed_Thu_Fri','PHL','11:35:00','SFO','14:47:00','3h 12m'),(1383,'WN','Mon_Wed_Thu_Fri','PDX','11:10:00','MCI','13:46:00','2h 36m'),(1384,'AA','Sun_Mon_Tue_Wed_Thu_Fri_Sat','LAX','17:38:00','DEN','20:49:00','3h 11m'),(1388,'UA','Sun_Mon_Tue_Wed_Thu_Fri_Sat','LAX','07:11:00','SEA','10:13:00','3h 2m'),(1394,'AA','Mon_Wed_Thu_Fri','LAS','12:17:00','JFK','15:34:00','3h 17m'),(1396,'AA','Mon_Wed_Thu_Fri','MIA','12:05:00','DFW','14:18:00','2h 13m'),(1398,'UA','Sun_Mon_Tue_Wed_Thu_Fri_Sat','DEN','18:54:00','ATL','21:11:00','2h 17m'),(1400,'UA','Mon_Wed_Thu_Fri','ATL','11:55:00','ORD','14:47:00','2h 52m'),(1401,'US','Sun_Mon_Tue_Wed_Thu_Fri_Sat','PHL','18:39:00','SFO','21:24:00','2h 45m'),(1406,'AA','Sun_Mon_Tue_Wed_Thu_Fri_Sat','DFW','06:23:00','SAN','09:43:00','3h 20m'),(1411,'WN','Sun_Mon_Tue_Wed_Thu_Fri_Sat','STL','06:44:00','SAN','09:12:00','2h 28m'),(1413,'AA','Sun_Mon_Tue_Wed_Thu_Fri_Sat','LAX','18:19:00','SFO','21:10:00','2h 51m'),(1416,'DL','Sun_Mon_Tue_Wed_Thu_Fri_Sat','SEA','18:12:00','ATL','21:04:00','2h 52m'),(1418,'AA','Sun_Mon_Tue_Wed_Thu_Fri_Sat','JFK','18:15:00','AUS','21:35:00','3h 20m'),(1420,'UA','Mon_Wed_Thu_Fri','PHL','12:45:00','ORD','14:43:00','1h 58m'),(1421,'DL','Sun_Mon_Tue_Wed_Thu_Fri_Sat','TPA','17:02:00','ATL','18:59:00','1h 57m'),(1424,'WN','Mon_Wed_Thu_Fri','AUS','12:04:00','LAX','14:31:00','2h 27m'),(1430,'DL','Mon_Wed_Thu_Fri','DCA','12:31:00','ATL','14:46:00','2h 15m'),(1434,'AA','Sun_Mon_Tue_Wed_Thu_Fri_Sat','ORD','07:30:00','LAS','10:12:00','2h 42m'),(1436,'AA','Mon_Wed_Thu_Fri','JFK','11:00:00','BOS','13:02:00','2h 2m'),(1438,'US','Sun_Mon_Tue_Wed_Thu_Fri_Sat','ORD','18:52:00','DFW','22:11:00','3h 19m'),(1448,'AA','Sun_Mon_Tue_Wed_Thu_Fri_Sat','LAX','18:35:00','PHL','21:19:00','2h 44m'),(1449,'AA','Sun_Mon_Tue_Wed_Thu_Fri_Sat','PDX','06:57:00','BOS','08:49:00','1h 52m'),(1450,'AA','Mon_Wed_Thu_Fri','DFW','12:09:00','TPA','15:35:00','3h 26m'),(1457,'US','Sun_Mon_Tue_Wed_Thu_Fri_Sat','DCA','18:07:00','SAN','20:30:00','2h 23m'),(1458,'WN','Sun_Mon_Tue_Wed_Thu_Fri_Sat','ATL','18:35:00','DEN','20:56:00','2h 21m'),(1460,'AA','Mon_Wed_Thu_Fri','MIA','11:22:00','DCA','13:38:00','2h 16m'),(1464,'UA','Sun_Mon_Tue_Wed_Thu_Fri_Sat','JFK','07:07:00','LAX','09:58:00','2h 51m'),(1465,'B6','Sun_Mon_Tue_Wed_Thu_Fri_Sat','BWI','18:29:00','BOS','21:09:00','2h 40m'),(1466,'AA','Sun_Mon_Tue_Wed_Thu_Fri_Sat','STL','18:29:00','ORD','21:25:00','2h 56m'),(1468,'UA','Sun_Mon_Tue_Wed_Thu_Fri_Sat','ORD','18:30:00','PHX','20:36:00','2h 6m'),(1471,'WN','Sun_Mon_Tue_Wed_Thu_Fri_Sat','PHX','06:54:00','MCI','08:52:00','1h 58m'),(1472,'WN','Sun_Mon_Tue_Wed_Thu_Fri_Sat','DEN','18:34:00','SEA','20:52:00','2h 18m'),(1473,'AA','Sun_Mon_Tue_Wed_Thu_Fri_Sat','CLE','07:28:00','DFW','09:31:00','2h 3m'),(1474,'WN','Sun_Mon_Tue_Wed_Thu_Fri_Sat','LAX','07:34:00','HOU','09:36:00','2h 2m'),(1476,'DL','Sun_Mon_Tue_Wed_Thu_Fri_Sat','ATL','06:25:00','LGA','09:04:00','2h 39m'),(1478,'DL','Sun_Mon_Tue_Wed_Thu_Fri_Sat','PDX','06:25:00','LAX','08:13:00','1h 48m'),(1482,'US','Sun_Mon_Tue_Wed_Thu_Fri_Sat','JFK','18:41:00','PHX','21:59:00','3h 18m'),(1484,'WN','Sun_Mon_Tue_Wed_Thu_Fri_Sat','AUS','18:02:00','BWI','20:21:00','2h 19m'),(1486,'AA','Sun_Mon_Tue_Wed_Thu_Fri_Sat','ATL','18:33:00','ORD','21:23:00','2h 50m'),(1488,'UA','Sun_Mon_Tue_Wed_Thu_Fri_Sat','SFO','07:07:00','ATL','10:01:00','2h 54m'),(1494,'UA','Sun_Mon_Tue_Wed_Thu_Fri_Sat','LAS','06:53:00','CLE','08:57:00','2h 4m'),(1495,'US','Mon_Wed_Thu_Fri','PHX','11:35:00','ATL','13:19:00','1h 44m'),(1502,'UA','Mon_Wed_Thu_Fri','ORD','11:43:00','PHX','13:49:00','2h 6m'),(1503,'US','Sun_Mon_Tue_Wed_Thu_Fri_Sat','BWI','17:34:00','DFW','19:42:00','2h 8m'),(1505,'DL','Mon_Wed_Thu_Fri','LAX','12:08:00','SAN','15:35:00','3h 27m'),(1506,'AA','Sun_Mon_Tue_Wed_Thu_Fri_Sat','MIA','18:38:00','SEA','20:45:00','2h 7m'),(1509,'UA','Sun_Mon_Tue_Wed_Thu_Fri_Sat','ORD','07:12:00','ATL','10:06:00','2h 54m'),(1516,'US','Sun_Mon_Tue_Wed_Thu_Fri_Sat','CLE','18:28:00','PHL','20:13:00','1h 45m'),(1517,'US','Mon_Wed_Thu_Fri','MIA','11:02:00','SFO','14:21:00','3h 19m'),(1518,'UA','Sun_Mon_Tue_Wed_Thu_Fri_Sat','LAX','17:24:00','LAS','20:53:00','3h 29m'),(1522,'US','Sun_Mon_Tue_Wed_Thu_Fri_Sat','MIA','18:32:00','LAS','21:07:00','2h 35m'),(1523,'UA','Sun_Mon_Tue_Wed_Thu_Fri_Sat','PHX','17:35:00','LAX','19:43:00','2h 8m'),(1525,'DL','Mon_Wed_Thu_Fri','ATL','12:47:00','PDX','16:11:00','3h 24m'),(1527,'DL','Mon_Wed_Thu_Fri','JFK','12:27:00','MIA','15:11:00','2h 44m'),(1529,'UA','Sun_Mon_Tue_Wed_Thu_Fri_Sat','ORD','18:44:00','ATL','21:38:00','2h 54m'),(1534,'WN','Sun_Mon_Tue_Wed_Thu_Fri_Sat','SFO','18:16:00','SAN','20:25:00','2h 9m'),(1536,'AA','Sun_Mon_Tue_Wed_Thu_Fri_Sat','STL','07:15:00','LGA','09:16:00','2h 1m'),(1538,'UA','Sun_Mon_Tue_Wed_Thu_Fri_Sat','ORD','06:20:00','SAN','08:21:00','2h 1m'),(1540,'AA','Sun_Mon_Tue_Wed_Thu_Fri_Sat','BWI','07:24:00','ORD','10:29:00','3h 5m'),(1541,'AA','Mon_Wed_Thu_Fri','LAX','11:03:00','MIA','14:07:00','3h 4m'),(1542,'UA','Sun_Mon_Tue_Wed_Thu_Fri_Sat','DFW','06:29:00','ORD','09:26:00','2h 57m'),(1546,'AA','Mon_Wed_Thu_Fri','DCA','11:29:00','TPA','13:14:00','1h 45m'),(1547,'AA','Sun_Mon_Tue_Wed_Thu_Fri_Sat','JFK','07:03:00','AUS','10:23:00','3h 20m'),(1548,'US','Sun_Mon_Tue_Wed_Thu_Fri_Sat','ORD','18:03:00','LAS','20:20:00','2h 17m'),(1550,'UA','Sun_Mon_Tue_Wed_Thu_Fri_Sat','SAN','17:58:00','LAX','21:20:00','3h 22m'),(1552,'UA','Sun_Mon_Tue_Wed_Thu_Fri_Sat','BWI','07:17:00','SFO','10:39:00','3h 22m'),(1553,'US','Sun_Mon_Tue_Wed_Thu_Fri_Sat','PHL','07:35:00','PDX','09:53:00','2h 18m'),(1555,'AA','Mon_Wed_Thu_Fri','CLE','11:27:00','ORD','13:26:00','1h 59m'),(1556,'DL','Mon_Wed_Thu_Fri','DEN','12:51:00','ATL','14:52:00','2h 1m'),(1557,'US','Mon_Wed_Thu_Fri','DEN','12:50:00','PHX','15:32:00','2h 42m'),(1558,'US','Sun_Mon_Tue_Wed_Thu_Fri_Sat','PHL','17:32:00','ATL','20:30:00','2h 58m'),(1564,'UA','Sun_Mon_Tue_Wed_Thu_Fri_Sat','PHX','06:25:00','LAX','08:33:00','2h 8m'),(1565,'AA','Sun_Mon_Tue_Wed_Thu_Fri_Sat','SEA','17:12:00','DEN','20:32:00','3h 20m'),(1571,'B6','Sun_Mon_Tue_Wed_Thu_Fri_Sat','JFK','17:56:00','TPA','19:58:00','2h 2m'),(1575,'WN','Sun_Mon_Tue_Wed_Thu_Fri_Sat','LAS','17:06:00','SEA','19:04:00','1h 58m'),(1578,'DL','Sun_Mon_Tue_Wed_Thu_Fri_Sat','LGA','17:48:00','ORD','20:49:00','3h 1m'),(1580,'DL','Sun_Mon_Tue_Wed_Thu_Fri_Sat','LAX','18:42:00','PDX','20:48:00','2h 6m'),(1581,'US','Mon_Wed_Thu_Fri','DFW','11:52:00','AUS','14:00:00','2h 8m'),(1582,'WN','Sun_Mon_Tue_Wed_Thu_Fri_Sat','LAX','18:11:00','HOU','20:13:00','2h 2m'),(1587,'UA','Mon_Wed_Thu_Fri','LAS','12:33:00','SFO','15:16:00','2h 43m'),(1592,'US','Sun_Mon_Tue_Wed_Thu_Fri_Sat','PHX','17:24:00','ORD','20:18:00','2h 54m'),(1595,'B6','Mon_Wed_Thu_Fri','ORD','12:58:00','BOS','15:57:00','2h 59m'),(1596,'AA','Sun_Mon_Tue_Wed_Thu_Fri_Sat','PHL','07:34:00','STL','10:15:00','2h 41m'),(1597,'UA','Mon_Wed_Thu_Fri','DFW','12:09:00','LAX','14:04:00','1h 55m'),(1599,'UA','Mon_Wed_Thu_Fri','CLE','11:58:00','DEN','13:42:00','1h 44m'),(1600,'US','Sun_Mon_Tue_Wed_Thu_Fri_Sat','DFW','07:18:00','CLE','10:44:00','3h 26m'),(1601,'AA','Mon_Wed_Thu_Fri','MCI','11:11:00','ORD','13:22:00','2h 11m'),(1603,'B6','Mon_Wed_Thu_Fri','JFK','12:19:00','PDX','13:59:00','1h 40m'),(1611,'AA','Mon_Wed_Thu_Fri','ORD','11:55:00','PDX','15:15:00','3h 20m'),(1613,'DL','Sun_Mon_Tue_Wed_Thu_Fri_Sat','BWI','06:46:00','JFK','09:45:00','2h 59m'),(1616,'AA','Mon_Wed_Thu_Fri','SAN','12:45:00','LAX','14:46:00','2h 1m'),(1618,'AA','Sun_Mon_Tue_Wed_Thu_Fri_Sat','SEA','07:23:00','DEN','10:43:00','3h 20m'),(1620,'WN','Sun_Mon_Tue_Wed_Thu_Fri_Sat','DEN','07:29:00','BWI','10:46:00','3h 17m'),(1621,'AA','Sun_Mon_Tue_Wed_Thu_Fri_Sat','PHL','07:35:00','DCA','09:34:00','1h 59m'),(1628,'WN','Sun_Mon_Tue_Wed_Thu_Fri_Sat','SFO','17:26:00','LAS','19:38:00','2h 12m'),(1630,'US','Mon_Wed_Thu_Fri','MIA','11:02:00','LAS','13:37:00','2h 35m'),(1633,'B6','Sun_Mon_Tue_Wed_Thu_Fri_Sat','JFK','06:18:00','BOS','08:44:00','2h 26m'),(1636,'UA','Sun_Mon_Tue_Wed_Thu_Fri_Sat','ORD','18:21:00','MIA','21:05:00','2h 44m'),(1637,'US','Mon_Wed_Thu_Fri','SAN','11:59:00','JFK','15:18:00','3h 19m'),(1641,'WN','Sun_Mon_Tue_Wed_Thu_Fri_Sat','LAS','18:41:00','PHX','21:37:00','2h 56m'),(1643,'AA','Mon_Wed_Thu_Fri','MIA','11:27:00','CLE','14:01:00','2h 34m'),(1646,'DL','Sun_Mon_Tue_Wed_Thu_Fri_Sat','DCA','07:33:00','LGA','10:59:00','3h 26m'),(1653,'UA','Sun_Mon_Tue_Wed_Thu_Fri_Sat','SFO','17:23:00','AUS','19:14:00','1h 51m'),(1667,'US','Sun_Mon_Tue_Wed_Thu_Fri_Sat','SEA','18:24:00','JFK','21:20:00','2h 56m'),(1684,'WN','Sun_Mon_Tue_Wed_Thu_Fri_Sat','DCA','07:28:00','AUS','10:19:00','2h 51m'),(1685,'AA','Sun_Mon_Tue_Wed_Thu_Fri_Sat','ORD','06:57:00','PHX','08:44:00','1h 47m'),(1687,'US','Sun_Mon_Tue_Wed_Thu_Fri_Sat','JFK','07:04:00','BWI','09:30:00','2h 26m'),(1699,'US','Sun_Mon_Tue_Wed_Thu_Fri_Sat','ORD','18:44:00','DCA','21:29:00','2h 45m'),(1701,'WN','Sun_Mon_Tue_Wed_Thu_Fri_Sat','CLE','06:33:00','LAS','09:42:00','3h 9m'),(1705,'UA','Sun_Mon_Tue_Wed_Thu_Fri_Sat','DEN','17:48:00','SAN','20:54:00','3h 6m'),(1708,'AA','Sun_Mon_Tue_Wed_Thu_Fri_Sat','DCA','18:10:00','DFW','21:22:00','3h 12m'),(1709,'US','Sun_Mon_Tue_Wed_Thu_Fri_Sat','AUS','06:53:00','ORD','10:12:00','3h 19m'),(1712,'DL','Sun_Mon_Tue_Wed_Thu_Fri_Sat','ATL','18:11:00','LAS','20:55:00','2h 44m'),(1713,'DL','Mon_Wed_Thu_Fri','PDX','12:27:00','LAX','14:15:00','1h 48m'),(1719,'WN','Mon_Wed_Thu_Fri','STL','11:33:00','ATL','13:37:00','2h 4m'),(1720,'AA','Mon_Wed_Thu_Fri','PHX','11:17:00','MCI','13:11:00','1h 54m'),(1727,'US','Sun_Mon_Tue_Wed_Thu_Fri_Sat','MIA','18:40:00','LAX','21:26:00','2h 46m'),(1728,'UA','Sun_Mon_Tue_Wed_Thu_Fri_Sat','PDX','07:25:00','ORD','10:07:00','2h 42m'),(1731,'WN','Mon_Wed_Thu_Fri','BWI','12:04:00','AUS','15:16:00','3h 12m'),(1737,'WN','Sun_Mon_Tue_Wed_Thu_Fri_Sat','HOU','18:24:00','LAX','20:19:00','1h 55m'),(1740,'WN','Sun_Mon_Tue_Wed_Thu_Fri_Sat','DCA','07:09:00','STL','10:25:00','3h 16m'),(1745,'US','Sun_Mon_Tue_Wed_Thu_Fri_Sat','SFO','17:28:00','PHL','20:43:00','3h 15m'),(1750,'WN','Sun_Mon_Tue_Wed_Thu_Fri_Sat','MCI','07:42:00','DEN','10:32:00','2h 50m'),(1751,'AA','Mon_Wed_Thu_Fri','TPA','12:26:00','PHX','14:18:00','1h 52m'),(1752,'WN','Sun_Mon_Tue_Wed_Thu_Fri_Sat','SAN','07:02:00','DEN','10:18:00','3h 16m'),(1753,'US','Sun_Mon_Tue_Wed_Thu_Fri_Sat','ORD','07:05:00','BWI','08:50:00','1h 45m'),(1759,'WN','Sun_Mon_Tue_Wed_Thu_Fri_Sat','BWI','17:50:00','SEA','20:53:00','3h 3m'),(1760,'AA','Sun_Mon_Tue_Wed_Thu_Fri_Sat','SEA','17:59:00','MIA','21:29:00','3h 30m'),(1761,'DL','Mon_Wed_Thu_Fri','AUS','11:26:00','ATL','14:38:00','3h 12m'),(1763,'WN','Mon_Wed_Thu_Fri','STL','12:44:00','PHL','15:28:00','2h 44m'),(1764,'US','Sun_Mon_Tue_Wed_Thu_Fri_Sat','BOS','06:39:00','LGA','08:42:00','2h 3m'),(1771,'US','Mon_Wed_Thu_Fri','BOS','11:16:00','LAX','14:00:00','2h 44m'),(1775,'US','Sun_Mon_Tue_Wed_Thu_Fri_Sat','PHX','17:25:00','SFO','20:30:00','3h 5m'),(1778,'DL','Sun_Mon_Tue_Wed_Thu_Fri_Sat','PDX','17:35:00','LAX','19:23:00','1h 48m'),(1780,'AA','Sun_Mon_Tue_Wed_Thu_Fri_Sat','AUS','07:12:00','JFK','10:03:00','2h 51m'),(1782,'US','Sun_Mon_Tue_Wed_Thu_Fri_Sat','DCA','17:42:00','ORD','20:18:00','2h 36m'),(1786,'US','Sun_Mon_Tue_Wed_Thu_Fri_Sat','ORD','06:06:00','SEA','09:28:00','3h 22m'),(1790,'AA','Sun_Mon_Tue_Wed_Thu_Fri_Sat','TPA','18:34:00','ORD','22:03:00','3h 29m'),(1791,'AA','Sun_Mon_Tue_Wed_Thu_Fri_Sat','SFO','17:48:00','LAX','20:27:00','2h 39m'),(1796,'UA','Sun_Mon_Tue_Wed_Thu_Fri_Sat','BWI','17:41:00','SFO','21:03:00','3h 22m'),(1802,'AA','Mon_Wed_Thu_Fri','TPA','11:18:00','PHL','14:27:00','3h 9m'),(1803,'B6','Sun_Mon_Tue_Wed_Thu_Fri_Sat','BOS','17:44:00','PHX','20:00:00','2h 16m'),(1807,'B6','Mon_Wed_Thu_Fri','BOS','11:04:00','SFO','14:31:00','3h 27m'),(1812,'AA','Sun_Mon_Tue_Wed_Thu_Fri_Sat','BOS','18:12:00','MIA','20:22:00','2h 10m'),(1813,'AA','Mon_Wed_Thu_Fri','JFK','12:40:00','AUS','16:00:00','3h 20m'),(1817,'US','Mon_Wed_Thu_Fri','PHX','12:09:00','SAN','13:57:00','1h 48m'),(1818,'B6','Sun_Mon_Tue_Wed_Thu_Fri_Sat','ORD','06:21:00','BOS','09:20:00','2h 59m'),(1819,'AA','Sun_Mon_Tue_Wed_Thu_Fri_Sat','DCA','18:02:00','MIA','20:14:00','2h 12m'),(1821,'WN','Mon_Wed_Thu_Fri','BWI','11:18:00','SAN','14:20:00','3h 2m'),(1822,'AA','Sun_Mon_Tue_Wed_Thu_Fri_Sat','SAN','18:55:00','ORD','20:50:00','1h 55m'),(1823,'WN','Mon_Wed_Thu_Fri','PHX','12:13:00','BWI','15:07:00','2h 54m'),(1825,'WN','Sun_Mon_Tue_Wed_Thu_Fri_Sat','OAK','07:22:00','SEA','09:56:00','2h 34m'),(1829,'AA','Sun_Mon_Tue_Wed_Thu_Fri_Sat','SFO','07:40:00','JFK','10:49:00','3h 9m'),(1831,'US','Sun_Mon_Tue_Wed_Thu_Fri_Sat','ORD','18:12:00','ATL','21:04:00','2h 52m'),(1832,'US','Mon_Wed_Thu_Fri','LAS','12:08:00','DCA','15:23:00','3h 15m'),(1842,'DL','Sun_Mon_Tue_Wed_Thu_Fri_Sat','CLE','06:12:00','LGA','08:18:00','2h 6m'),(1845,'AA','Mon_Wed_Thu_Fri','LGA','12:24:00','BOS','14:41:00','2h 17m'),(1847,'DL','Sun_Mon_Tue_Wed_Thu_Fri_Sat','SEA','06:50:00','LAS','09:33:00','2h 43m'),(1848,'B6','Sun_Mon_Tue_Wed_Thu_Fri_Sat','TPA','18:27:00','BOS','21:15:00','2h 48m'),(1851,'UA','Sun_Mon_Tue_Wed_Thu_Fri_Sat','DEN','18:28:00','PDX','20:40:00','2h 12m'),(1852,'AA','Mon_Wed_Thu_Fri','SFO','12:54:00','PDX','16:21:00','3h 27m'),(1853,'UA','Sun_Mon_Tue_Wed_Thu_Fri_Sat','DEN','17:32:00','DCA','20:43:00','3h 11m'),(1857,'UA','Mon_Wed_Thu_Fri','DEN','12:59:00','PHX','16:24:00','3h 25m'),(1858,'AA','Sun_Mon_Tue_Wed_Thu_Fri_Sat','PHX','06:49:00','JFK','08:38:00','1h 49m'),(1859,'B6','Mon_Wed_Thu_Fri','SEA','11:02:00','JFK','13:16:00','2h 14m'),(1860,'WN','Sun_Mon_Tue_Wed_Thu_Fri_Sat','DEN','18:11:00','BWI','21:28:00','3h 17m'),(1862,'US','Mon_Wed_Thu_Fri','MIA','12:34:00','DCA','14:48:00','2h 14m'),(1863,'AA','Mon_Wed_Thu_Fri','TPA','12:51:00','ORD','16:20:00','3h 29m'),(1864,'B6','Sun_Mon_Tue_Wed_Thu_Fri_Sat','TPA','07:27:00','LGA','09:27:00','2h 0m'),(1867,'AA','Sun_Mon_Tue_Wed_Thu_Fri_Sat','SEA','17:20:00','SAN','19:47:00','2h 27m'),(1868,'AA','Sun_Mon_Tue_Wed_Thu_Fri_Sat','PHL','17:14:00','ORD','20:25:00','3h 11m'),(1871,'WN','Sun_Mon_Tue_Wed_Thu_Fri_Sat','DEN','17:19:00','PHX','19:53:00','2h 34m'),(1873,'US','Sun_Mon_Tue_Wed_Thu_Fri_Sat','PHX','06:46:00','AUS','09:37:00','2h 51m'),(1874,'US','Sun_Mon_Tue_Wed_Thu_Fri_Sat','PHX','06:26:00','STL','08:10:00','1h 44m'),(1875,'AA','Mon_Wed_Thu_Fri','ORD','11:03:00','LAS','13:45:00','2h 42m'),(1876,'UA','Sun_Mon_Tue_Wed_Thu_Fri_Sat','PHX','17:29:00','SFO','19:47:00','2h 18m'),(1877,'AA','Sun_Mon_Tue_Wed_Thu_Fri_Sat','SEA','17:17:00','JFK','19:21:00','2h 4m'),(1878,'B6','Sun_Mon_Tue_Wed_Thu_Fri_Sat','JFK','06:41:00','SAN','10:11:00','3h 30m'),(1880,'AA','Sun_Mon_Tue_Wed_Thu_Fri_Sat','DFW','07:57:00','MCI','09:59:00','2h 2m'),(1883,'DL','Mon_Wed_Thu_Fri','LAX','12:14:00','TPA','13:59:00','1h 45m'),(1886,'US','Mon_Wed_Thu_Fri','PHL','11:22:00','LAS','13:44:00','2h 22m'),(1890,'US','Sun_Mon_Tue_Wed_Thu_Fri_Sat','PHX','17:12:00','DCA','19:54:00','2h 42m'),(1893,'AA','Sun_Mon_Tue_Wed_Thu_Fri_Sat','PHL','18:06:00','LAS','19:58:00','1h 52m'),(1895,'UA','Mon_Wed_Thu_Fri','LAX','12:46:00','CLE','15:20:00','2h 34m'),(1899,'AA','Sun_Mon_Tue_Wed_Thu_Fri_Sat','MIA','17:15:00','DEN','20:06:00','2h 51m'),(1900,'US','Sun_Mon_Tue_Wed_Thu_Fri_Sat','CLE','06:14:00','MIA','08:29:00','2h 15m'),(1907,'AA','Sun_Mon_Tue_Wed_Thu_Fri_Sat','PHX','17:04:00','DFW','18:46:00','1h 42m'),(1909,'DL','Sun_Mon_Tue_Wed_Thu_Fri_Sat','ATL','06:00:00','PDX','09:24:00','3h 24m'),(1910,'US','Mon_Wed_Thu_Fri','PHL','11:44:00','PHX','14:15:00','2h 31m'),(1913,'WN','Mon_Wed_Thu_Fri','DEN','11:19:00','LAS','13:23:00','2h 4m'),(1914,'UA','Mon_Wed_Thu_Fri','BOS','12:07:00','DEN','14:49:00','2h 42m'),(1916,'DL','Mon_Wed_Thu_Fri','ATL','11:27:00','LAX','13:36:00','2h 9m'),(1918,'DL','Mon_Wed_Thu_Fri','PHX','11:35:00','LAX','13:55:00','2h 20m'),(1919,'UA','Sun_Mon_Tue_Wed_Thu_Fri_Sat','LAX','06:30:00','CLE','09:04:00','2h 34m'),(1920,'AA','Sun_Mon_Tue_Wed_Thu_Fri_Sat','PHX','07:17:00','LAS','09:54:00','2h 37m'),(1922,'UA','Sun_Mon_Tue_Wed_Thu_Fri_Sat','DFW','17:10:00','ORD','20:07:00','2h 57m'),(1925,'AA','Sun_Mon_Tue_Wed_Thu_Fri_Sat','JFK','17:52:00','BWI','19:45:00','1h 53m'),(1933,'WN','Sun_Mon_Tue_Wed_Thu_Fri_Sat','HOU','17:58:00','MCI','20:42:00','2h 44m'),(1935,'DL','Mon_Wed_Thu_Fri','ATL','12:38:00','MCI','14:37:00','1h 59m'),(1938,'WN','Mon_Wed_Thu_Fri','TPA','12:06:00','LAS','14:52:00','2h 46m'),(1939,'US','Sun_Mon_Tue_Wed_Thu_Fri_Sat','BOS','06:11:00','JFK','08:13:00','2h 2m'),(1944,'US','Sun_Mon_Tue_Wed_Thu_Fri_Sat','PHL','18:01:00','CLE','21:22:00','3h 21m'),(1947,'DL','Sun_Mon_Tue_Wed_Thu_Fri_Sat','BOS','17:33:00','ATL','20:14:00','2h 41m'),(1949,'UA','Mon_Wed_Thu_Fri','CLE','12:45:00','LGA','14:58:00','2h 13m'),(1953,'WN','Mon_Wed_Thu_Fri','DEN','11:28:00','STL','13:44:00','2h 16m'),(1954,'US','Sun_Mon_Tue_Wed_Thu_Fri_Sat','BOS','06:29:00','LAX','09:13:00','2h 44m'),(1955,'DL','Mon_Wed_Thu_Fri','LAS','11:09:00','LAX','13:30:00','2h 21m'),(1959,'WN','Mon_Wed_Thu_Fri','DEN','12:39:00','BWI','15:56:00','3h 17m'),(1960,'WN','Mon_Wed_Thu_Fri','SAN','11:02:00','AUS','13:25:00','2h 23m'),(1964,'US','Mon_Wed_Thu_Fri','ORD','11:57:00','DCA','14:42:00','2h 45m'),(1966,'DL','Sun_Mon_Tue_Wed_Thu_Fri_Sat','DEN','06:47:00','JFK','10:03:00','3h 16m'),(1967,'WN','Mon_Wed_Thu_Fri','SAN','12:37:00','PHX','14:30:00','1h 53m'),(1969,'AA','Sun_Mon_Tue_Wed_Thu_Fri_Sat','PDX','17:00:00','PHX','18:45:00','1h 45m'),(1973,'DL','Sun_Mon_Tue_Wed_Thu_Fri_Sat','BOS','07:06:00','LAS','10:20:00','3h 14m'),(1978,'UA','Mon_Wed_Thu_Fri','STL','12:51:00','DEN','15:47:00','2h 56m'),(1979,'AA','Mon_Wed_Thu_Fri','PDX','12:08:00','SAN','14:40:00','2h 32m'),(1980,'US','Sun_Mon_Tue_Wed_Thu_Fri_Sat','PHL','07:36:00','BWI','09:53:00','2h 17m'),(1985,'DL','Sun_Mon_Tue_Wed_Thu_Fri_Sat','JFK','18:22:00','SFO','20:07:00','1h 45m'),(1988,'UA','Sun_Mon_Tue_Wed_Thu_Fri_Sat','SAN','06:51:00','ORD','09:45:00','2h 54m'),(1991,'WN','Sun_Mon_Tue_Wed_Thu_Fri_Sat','PHX','18:03:00','HOU','20:52:00','2h 49m'),(1992,'AA','Sun_Mon_Tue_Wed_Thu_Fri_Sat','BOS','18:44:00','DCA','22:03:00','3h 19m'),(1993,'UA','Sun_Mon_Tue_Wed_Thu_Fri_Sat','AUS','18:42:00','DEN','20:52:00','2h 10m'),(1994,'AA','Sun_Mon_Tue_Wed_Thu_Fri_Sat','LAX','07:07:00','DEN','10:18:00','3h 11m'),(1996,'AA','Sun_Mon_Tue_Wed_Thu_Fri_Sat','JFK','07:02:00','CLE','10:03:00','3h 1m'),(1998,'US','Sun_Mon_Tue_Wed_Thu_Fri_Sat','LAX','07:32:00','SFO','10:18:00','2h 46m'),(2004,'US','Mon_Wed_Thu_Fri','MIA','12:56:00','DFW','15:53:00','2h 57m'),(2007,'WN','Sun_Mon_Tue_Wed_Thu_Fri_Sat','MCI','07:56:00','ATL','10:40:00','2h 44m'),(2011,'UA','Sun_Mon_Tue_Wed_Thu_Fri_Sat','MCI','17:32:00','ORD','20:18:00','2h 46m'),(2013,'WN','Sun_Mon_Tue_Wed_Thu_Fri_Sat','MCI','17:44:00','OAK','19:48:00','2h 4m'),(2016,'UA','Sun_Mon_Tue_Wed_Thu_Fri_Sat','PDX','17:36:00','SEA','20:35:00','2h 59m'),(2026,'WN','Mon_Wed_Thu_Fri','SEA','11:17:00','PHX','13:56:00','2h 39m'),(2031,'WN','Sun_Mon_Tue_Wed_Thu_Fri_Sat','OAK','07:48:00','SAN','10:09:00','2h 21m'),(2032,'UA','Sun_Mon_Tue_Wed_Thu_Fri_Sat','ATL','06:49:00','DEN','08:34:00','1h 45m'),(2033,'AA','Mon_Wed_Thu_Fri','TPA','12:51:00','DCA','16:01:00','3h 10m'),(2034,'WN','Sun_Mon_Tue_Wed_Thu_Fri_Sat','LAS','06:15:00','MCI','08:12:00','1h 57m'),(2043,'US','Mon_Wed_Thu_Fri','DFW','11:35:00','STL','14:23:00','2h 48m'),(2046,'US','Mon_Wed_Thu_Fri','TPA','11:30:00','DCA','13:51:00','2h 21m'),(2047,'WN','Sun_Mon_Tue_Wed_Thu_Fri_Sat','LAX','18:10:00','SFO','20:26:00','2h 16m'),(2056,'US','Sun_Mon_Tue_Wed_Thu_Fri_Sat','DCA','07:43:00','JFK','11:05:00','3h 22m'),(2058,'DL','Mon_Wed_Thu_Fri','ORD','11:08:00','JFK','13:18:00','2h 10m'),(2060,'B6','Mon_Wed_Thu_Fri','BOS','11:50:00','HOU','14:07:00','2h 17m'),(2062,'AA','Sun_Mon_Tue_Wed_Thu_Fri_Sat','LAX','07:21:00','PDX','09:02:00','1h 41m'),(2067,'WN','Mon_Wed_Thu_Fri','DEN','11:21:00','BOS','13:27:00','2h 6m'),(2070,'UA','Sun_Mon_Tue_Wed_Thu_Fri_Sat','ORD','07:35:00','AUS','10:26:00','2h 51m'),(2071,'US','Sun_Mon_Tue_Wed_Thu_Fri_Sat','ATL','17:24:00','ORD','20:32:00','3h 8m'),(2072,'AA','Sun_Mon_Tue_Wed_Thu_Fri_Sat','SEA','18:04:00','SFO','20:40:00','2h 36m'),(2073,'AA','Mon_Wed_Thu_Fri','LAX','12:09:00','LAS','14:20:00','2h 11m'),(2074,'US','Mon_Wed_Thu_Fri','LGA','11:36:00','DCA','14:09:00','2h 33m'),(2085,'AA','Mon_Wed_Thu_Fri','OAK','12:04:00','SEA','13:54:00','1h 50m'),(2087,'AA','Sun_Mon_Tue_Wed_Thu_Fri_Sat','LAX','18:25:00','PHX','21:48:00','3h 23m'),(2092,'US','Sun_Mon_Tue_Wed_Thu_Fri_Sat','ATL','07:52:00','PHL','10:29:00','2h 37m'),(2096,'AA','Mon_Wed_Thu_Fri','MIA','12:51:00','ATL','15:31:00','2h 40m'),(2105,'DL','Sun_Mon_Tue_Wed_Thu_Fri_Sat','MCI','17:38:00','ATL','19:36:00','1h 58m'),(2106,'US','Mon_Wed_Thu_Fri','BOS','11:34:00','JFK','13:36:00','2h 2m'),(2111,'DL','Sun_Mon_Tue_Wed_Thu_Fri_Sat','CLE','17:57:00','LGA','20:03:00','2h 6m'),(2112,'DL','Sun_Mon_Tue_Wed_Thu_Fri_Sat','ORD','07:27:00','ATL','10:13:00','2h 46m'),(2114,'AA','Sun_Mon_Tue_Wed_Thu_Fri_Sat','BOS','18:05:00','DFW','20:23:00','2h 18m'),(2116,'US','Sun_Mon_Tue_Wed_Thu_Fri_Sat','SFO','06:28:00','ORD','09:36:00','3h 8m'),(2119,'WN','Sun_Mon_Tue_Wed_Thu_Fri_Sat','LAS','18:10:00','STL','20:08:00','1h 58m'),(2121,'AA','Sun_Mon_Tue_Wed_Thu_Fri_Sat','PHL','18:04:00','PDX','21:10:00','3h 6m'),(2124,'DL','Sun_Mon_Tue_Wed_Thu_Fri_Sat','TPA','07:05:00','JFK','09:39:00','2h 34m'),(2125,'B6','Mon_Wed_Thu_Fri','PHX','12:55:00','BOS','15:38:00','2h 43m'),(2127,'US','Sun_Mon_Tue_Wed_Thu_Fri_Sat','PHL','17:42:00','PHX','20:13:00','2h 31m'),(2131,'AA','Mon_Wed_Thu_Fri','MIA','12:57:00','LAS','16:26:00','3h 29m'),(2134,'AA','Mon_Wed_Thu_Fri','CLE','11:51:00','PHL','14:16:00','2h 25m'),(2136,'WN','Mon_Wed_Thu_Fri','ATL','11:45:00','TPA','14:08:00','2h 23m'),(2137,'WN','Mon_Wed_Thu_Fri','SFO','11:05:00','ATL','13:22:00','2h 17m'),(2140,'AA','Sun_Mon_Tue_Wed_Thu_Fri_Sat','TPA','06:01:00','DFW','08:21:00','2h 20m'),(2141,'US','Mon_Wed_Thu_Fri','STL','12:26:00','PHL','14:11:00','1h 45m'),(2143,'UA','Sun_Mon_Tue_Wed_Thu_Fri_Sat','CLE','17:39:00','PHX','20:36:00','2h 57m'),(2144,'WN','Mon_Wed_Thu_Fri','HOU','12:23:00','BOS','14:17:00','1h 54m'),(2148,'WN','Sun_Mon_Tue_Wed_Thu_Fri_Sat','SFO','07:22:00','DEN','09:05:00','1h 43m'),(2150,'AA','Mon_Wed_Thu_Fri','SFO','11:52:00','MIA','13:54:00','2h 2m'),(2151,'WN','Mon_Wed_Thu_Fri','AUS','12:16:00','OAK','14:33:00','2h 17m'),(2153,'US','Mon_Wed_Thu_Fri','DFW','11:18:00','DEN','14:09:00','2h 51m'),(2154,'WN','Sun_Mon_Tue_Wed_Thu_Fri_Sat','SEA','17:11:00','DEN','19:33:00','2h 22m'),(2157,'WN','Sun_Mon_Tue_Wed_Thu_Fri_Sat','PDX','06:58:00','MCI','09:34:00','2h 36m'),(2160,'AA','Sun_Mon_Tue_Wed_Thu_Fri_Sat','ORD','18:32:00','JFK','21:12:00','2h 40m'),(2174,'AA','Sun_Mon_Tue_Wed_Thu_Fri_Sat','PHX','17:06:00','DEN','19:24:00','2h 18m'),(2175,'UA','Sun_Mon_Tue_Wed_Thu_Fri_Sat','DEN','17:39:00','BWI','20:29:00','2h 50m'),(2176,'DL','Sun_Mon_Tue_Wed_Thu_Fri_Sat','LAS','07:33:00','BOS','10:37:00','3h 4m'),(2179,'AA','Mon_Wed_Thu_Fri','PHX','11:59:00','DCA','14:09:00','2h 10m'),(2180,'US','Mon_Wed_Thu_Fri','ORD','12:47:00','STL','15:10:00','2h 23m'),(2181,'WN','Mon_Wed_Thu_Fri','PHX','12:34:00','MCI','14:32:00','1h 58m'),(2190,'US','Mon_Wed_Thu_Fri','SEA','11:44:00','JFK','14:40:00','2h 56m'),(2191,'UA','Sun_Mon_Tue_Wed_Thu_Fri_Sat','SFO','06:46:00','DEN','09:13:00','2h 27m'),(2192,'US','Sun_Mon_Tue_Wed_Thu_Fri_Sat','STL','06:30:00','PHX','08:26:00','1h 56m'),(2193,'DL','Mon_Wed_Thu_Fri','LAS','11:19:00','BOS','14:23:00','3h 4m'),(2195,'DL','Mon_Wed_Thu_Fri','JFK','11:05:00','PDX','13:21:00','2h 16m'),(2196,'AA','Sun_Mon_Tue_Wed_Thu_Fri_Sat','SEA','07:10:00','ORD','09:43:00','2h 33m'),(2197,'DL','Sun_Mon_Tue_Wed_Thu_Fri_Sat','LAS','18:00:00','LAX','20:21:00','2h 21m'),(2198,'UA','Mon_Wed_Thu_Fri','DEN','12:19:00','BOS','14:51:00','2h 32m'),(2201,'DL','Sun_Mon_Tue_Wed_Thu_Fri_Sat','MIA','17:25:00','ATL','20:03:00','2h 38m'),(2207,'DL','Sun_Mon_Tue_Wed_Thu_Fri_Sat','DCA','17:29:00','JFK','19:45:00','2h 16m'),(2213,'WN','Sun_Mon_Tue_Wed_Thu_Fri_Sat','MCI','06:02:00','TPA','08:19:00','2h 17m'),(2215,'AA','Mon_Wed_Thu_Fri','PHX','11:04:00','BWI','12:48:00','1h 44m'),(2219,'UA','Sun_Mon_Tue_Wed_Thu_Fri_Sat','PHL','17:12:00','ORD','19:10:00','1h 58m'),(2222,'US','Sun_Mon_Tue_Wed_Thu_Fri_Sat','CLE','07:19:00','ORD','10:35:00','3h 16m'),(2226,'AA','Sun_Mon_Tue_Wed_Thu_Fri_Sat','LGA','18:37:00','DFW','21:18:00','2h 41m'),(2227,'WN','Mon_Wed_Thu_Fri','BWI','12:05:00','CLE','14:46:00','2h 41m'),(2234,'DL','Mon_Wed_Thu_Fri','JFK','12:05:00','BWI','14:17:00','2h 12m'),(2239,'UA','Mon_Wed_Thu_Fri','DEN','12:13:00','LAS','14:36:00','2h 23m'),(2241,'US','Mon_Wed_Thu_Fri','BWI','11:03:00','MIA','14:08:00','3h 5m'),(2243,'US','Sun_Mon_Tue_Wed_Thu_Fri_Sat','DFW','18:31:00','HOU','20:12:00','1h 41m'),(2244,'AA','Mon_Wed_Thu_Fri','JFK','12:56:00','CLE','15:57:00','3h 1m'),(2246,'AA','Mon_Wed_Thu_Fri','DFW','11:18:00','SFO','14:11:00','2h 53m'),(2248,'US','Sun_Mon_Tue_Wed_Thu_Fri_Sat','PHL','18:57:00','LAX','20:55:00','1h 58m'),(2250,'UA','Sun_Mon_Tue_Wed_Thu_Fri_Sat','CLE','07:21:00','MCI','09:07:00','1h 46m'),(2251,'WN','Mon_Wed_Thu_Fri','PHX','12:33:00','LAX','14:59:00','2h 26m'),(2252,'US','Sun_Mon_Tue_Wed_Thu_Fri_Sat','ORD','06:12:00','PDX','09:20:00','3h 8m'),(2262,'DL','Mon_Wed_Thu_Fri','PHX','11:57:00','JFK','14:24:00','2h 27m'),(2267,'AA','Sun_Mon_Tue_Wed_Thu_Fri_Sat','CLE','07:30:00','PHL','09:55:00','2h 25m'),(2270,'AA','Mon_Wed_Thu_Fri','PHL','12:57:00','STL','15:38:00','2h 41m'),(2271,'US','Sun_Mon_Tue_Wed_Thu_Fri_Sat','PHL','06:51:00','ORD','09:40:00','2h 49m'),(2280,'DL','Sun_Mon_Tue_Wed_Thu_Fri_Sat','LAX','17:26:00','OAK','19:51:00','2h 25m'),(2283,'AA','Sun_Mon_Tue_Wed_Thu_Fri_Sat','BOS','17:49:00','LAX','19:51:00','2h 2m'),(2287,'B6','Sun_Mon_Tue_Wed_Thu_Fri_Sat','SAN','17:35:00','JFK','19:25:00','1h 50m'),(2292,'WN','Mon_Wed_Thu_Fri','TPA','12:22:00','STL','14:52:00','2h 30m'),(2295,'UA','Sun_Mon_Tue_Wed_Thu_Fri_Sat','ORD','17:08:00','PDX','19:11:00','2h 3m'),(2301,'AA','Mon_Wed_Thu_Fri','PHL','12:23:00','DFW','15:18:00','1h 55m'),(2302,'US','Mon_Wed_Thu_Fri','MIA','11:54:00','LAX','14:40:00','2h 46m'),(2305,'B6','Sun_Mon_Tue_Wed_Thu_Fri_Sat','BOS','06:34:00','ORD','08:25:00','1h 51m'),(2306,'AA','Sun_Mon_Tue_Wed_Thu_Fri_Sat','STL','17:41:00','LGA','19:42:00','2h 1m'),(2309,'DL','Sun_Mon_Tue_Wed_Thu_Fri_Sat','BWI','18:41:00','ATL','21:41:00','3h 0m'),(2310,'WN','Sun_Mon_Tue_Wed_Thu_Fri_Sat','STL','06:12:00','DCA','09:24:00','3h 12m'),(2323,'US','Sun_Mon_Tue_Wed_Thu_Fri_Sat','PHL','18:40:00','DEN','21:20:00','2h 40m'),(2325,'WN','Sun_Mon_Tue_Wed_Thu_Fri_Sat','SAN','18:34:00','OAK','20:46:00','2h 12m'),(2330,'AA','Mon_Wed_Thu_Fri','PHX','12:42:00','DEN','15:00:00','2h 18m'),(2335,'AA','Sun_Mon_Tue_Wed_Thu_Fri_Sat','ORD','07:51:00','BOS','10:35:00','2h 44m'),(2336,'DL','Sun_Mon_Tue_Wed_Thu_Fri_Sat','BOS','07:44:00','LGA','09:30:00','1h 46m'),(2337,'US','Sun_Mon_Tue_Wed_Thu_Fri_Sat','MIA','17:04:00','TPA','19:58:00','2h 54m'),(2341,'AA','Sun_Mon_Tue_Wed_Thu_Fri_Sat','MIA','07:04:00','LAX','09:27:00','2h 23m'),(2342,'DL','Sun_Mon_Tue_Wed_Thu_Fri_Sat','TPA','07:25:00','LAX','10:26:00','3h 1m'),(2344,'US','Mon_Wed_Thu_Fri','PHX','11:07:00','AUS','13:58:00','2h 51m'),(2345,'WN','Mon_Wed_Thu_Fri','DCA','11:50:00','ATL','13:40:00','1h 50m'),(2349,'UA','Sun_Mon_Tue_Wed_Thu_Fri_Sat','STL','07:40:00','DEN','10:36:00','2h 56m'),(2351,'WN','Mon_Wed_Thu_Fri','STL','11:16:00','BWI','13:43:00','2h 27m'),(2354,'US','Mon_Wed_Thu_Fri','PHL','11:02:00','TPA','14:07:00','3h 5m'),(2358,'WN','Mon_Wed_Thu_Fri','BWI','11:47:00','DEN','13:57:00','2h 10m'),(2366,'US','Sun_Mon_Tue_Wed_Thu_Fri_Sat','STL','07:38:00','LAX','09:54:00','2h 16m'),(2370,'WN','Sun_Mon_Tue_Wed_Thu_Fri_Sat','OAK','18:50:00','SEA','21:24:00','2h 34m'),(2371,'WN','Sun_Mon_Tue_Wed_Thu_Fri_Sat','BWI','07:59:00','STL','10:07:00','2h 8m'),(2373,'AA','Sun_Mon_Tue_Wed_Thu_Fri_Sat','SAN','07:16:00','ORD','09:11:00','1h 55m'),(2376,'US','Sun_Mon_Tue_Wed_Thu_Fri_Sat','JFK','07:19:00','SFO','09:45:00','2h 26m'),(2377,'AA','Sun_Mon_Tue_Wed_Thu_Fri_Sat','LAX','18:28:00','AUS','20:46:00','2h 18m'),(2378,'DL','Sun_Mon_Tue_Wed_Thu_Fri_Sat','JFK','17:22:00','SAN','19:15:00','1h 53m'),(2380,'AA','Sun_Mon_Tue_Wed_Thu_Fri_Sat','SFO','07:21:00','ORD','09:09:00','1h 48m'),(2384,'US','Sun_Mon_Tue_Wed_Thu_Fri_Sat','MIA','18:21:00','DFW','21:18:00','2h 57m'),(2388,'B6','Sun_Mon_Tue_Wed_Thu_Fri_Sat','SFO','18:56:00','JFK','20:51:00','1h 55m'),(2389,'WN','Sun_Mon_Tue_Wed_Thu_Fri_Sat','LAS','17:46:00','MCI','19:43:00','1h 57m'),(2391,'UA','Sun_Mon_Tue_Wed_Thu_Fri_Sat','SEA','06:43:00','SFO','08:33:00','1h 50m'),(2392,'AA','Sun_Mon_Tue_Wed_Thu_Fri_Sat','SAN','07:22:00','LAX','09:23:00','2h 1m'),(2394,'AA','Sun_Mon_Tue_Wed_Thu_Fri_Sat','PHX','07:21:00','PHL','09:27:00','2h 6m'),(2398,'UA','Sun_Mon_Tue_Wed_Thu_Fri_Sat','LAX','18:11:00','DFW','20:11:00','2h 0m'),(2409,'UA','Sun_Mon_Tue_Wed_Thu_Fri_Sat','DEN','18:24:00','PHX','21:49:00','3h 25m'),(2413,'DL','Mon_Wed_Thu_Fri','SEA','12:31:00','LAX','14:17:00','1h 46m'),(2414,'UA','Sun_Mon_Tue_Wed_Thu_Fri_Sat','SFO','06:29:00','PHX','09:20:00','2h 51m'),(2417,'DL','Mon_Wed_Thu_Fri','LGA','11:30:00','BOS','13:57:00','2h 27m'),(2418,'US','Sun_Mon_Tue_Wed_Thu_Fri_Sat','LAX','07:24:00','JFK','10:21:00','2h 57m'),(2419,'AA','Sun_Mon_Tue_Wed_Thu_Fri_Sat','ATL','17:39:00','MIA','20:05:00','2h 26m'),(2424,'AA','Mon_Wed_Thu_Fri','ORD','12:40:00','DFW','15:10:00','2h 30m'),(2427,'WN','Mon_Wed_Thu_Fri','HOU','12:57:00','SAN','16:02:00','3h 5m'),(2432,'US','Mon_Wed_Thu_Fri','CLE','11:16:00','PHL','13:01:00','1h 45m'),(2434,'WN','Mon_Wed_Thu_Fri','LAS','11:19:00','HOU','13:34:00','2h 15m'),(2441,'US','Sun_Mon_Tue_Wed_Thu_Fri_Sat','DFW','07:18:00','PDX','09:09:00','1h 51m'),(2447,'DL','Sun_Mon_Tue_Wed_Thu_Fri_Sat','JFK','07:18:00','MIA','10:02:00','2h 44m'),(2449,'AA','Sun_Mon_Tue_Wed_Thu_Fri_Sat','LGA','18:22:00','DCA','20:10:00','1h 48m'),(2456,'US','Sun_Mon_Tue_Wed_Thu_Fri_Sat','SAN','17:56:00','LAX','20:30:00','2h 34m'),(2460,'UA','Sun_Mon_Tue_Wed_Thu_Fri_Sat','AUS','07:06:00','ORD','09:58:00','2h 52m'),(2461,'B6','Sun_Mon_Tue_Wed_Thu_Fri_Sat','PHX','18:36:00','BOS','21:19:00','2h 43m'),(2463,'AA','Sun_Mon_Tue_Wed_Thu_Fri_Sat','DFW','17:09:00','AUS','19:08:00','1h 59m'),(2464,'WN','Mon_Wed_Thu_Fri','BOS','12:32:00','ATL','14:23:00','1h 51m'),(2467,'US','Sun_Mon_Tue_Wed_Thu_Fri_Sat','SFO','17:15:00','MIA','19:24:00','2h 9m'),(2470,'AA','Sun_Mon_Tue_Wed_Thu_Fri_Sat','ORD','18:00:00','LAX','20:08:00','2h 8m'),(2474,'WN','Mon_Wed_Thu_Fri','LGA','11:57:00','ATL','13:47:00','1h 50m'),(2476,'US','Mon_Wed_Thu_Fri','DFW','12:18:00','DCA','15:32:00','3h 14m'),(2481,'US','Sun_Mon_Tue_Wed_Thu_Fri_Sat','DEN','17:04:00','PHX','19:46:00','2h 42m'),(2484,'AA','Sun_Mon_Tue_Wed_Thu_Fri_Sat','SAN','06:54:00','DFW','09:18:00','2h 24m'),(2488,'AA','Sun_Mon_Tue_Wed_Thu_Fri_Sat','DFW','17:45:00','ORD','19:47:00','2h 2m'),(2489,'AA','Mon_Wed_Thu_Fri','LAX','11:22:00','DCA','13:48:00','2h 26m'),(2490,'DL','Sun_Mon_Tue_Wed_Thu_Fri_Sat','DFW','06:17:00','LGA','09:40:00','3h 23m'),(2491,'B6','Sun_Mon_Tue_Wed_Thu_Fri_Sat','BOS','18:38:00','SEA','20:19:00','1h 41m'),(2493,'UA','Sun_Mon_Tue_Wed_Thu_Fri_Sat','SEA','06:18:00','PDX','08:20:00','2h 2m'),(2496,'UA','Sun_Mon_Tue_Wed_Thu_Fri_Sat','SFO','06:04:00','DFW','08:49:00','2h 45m'),(2498,'UA','Sun_Mon_Tue_Wed_Thu_Fri_Sat','ORD','06:34:00','LGA','09:57:00','3h 23m'),(2501,'US','Sun_Mon_Tue_Wed_Thu_Fri_Sat','DFW','17:30:00','SFO','20:54:00','3h 24m'),(2503,'AA','Sun_Mon_Tue_Wed_Thu_Fri_Sat','DEN','17:43:00','LAX','20:02:00','2h 19m'),(2504,'WN','Sun_Mon_Tue_Wed_Thu_Fri_Sat','BOS','18:33:00','MCI','21:14:00','2h 41m'),(2511,'DL','Sun_Mon_Tue_Wed_Thu_Fri_Sat','LGA','17:49:00','DCA','21:08:00','3h 19m'),(2513,'WN','Sun_Mon_Tue_Wed_Thu_Fri_Sat','LAS','07:33:00','BWI','10:26:00','2h 53m'),(2518,'AA','Sun_Mon_Tue_Wed_Thu_Fri_Sat','STL','06:22:00','PHX','08:53:00','2h 31m'),(2520,'UA','Mon_Wed_Thu_Fri','TPA','12:06:00','CLE','14:14:00','2h 8m'),(2523,'UA','Sun_Mon_Tue_Wed_Thu_Fri_Sat','DEN','17:33:00','ORD','20:01:00','2h 28m'),(2525,'AA','Sun_Mon_Tue_Wed_Thu_Fri_Sat','ORD','17:34:00','LGA','20:13:00','2h 39m'),(2528,'WN','Mon_Wed_Thu_Fri','OAK','11:10:00','AUS','12:51:00','1h 41m'),(2532,'WN','Sun_Mon_Tue_Wed_Thu_Fri_Sat','MCI','17:24:00','BWI','19:35:00','2h 11m'),(2538,'AA','Sun_Mon_Tue_Wed_Thu_Fri_Sat','MIA','06:06:00','PHX','08:21:00','2h 15m'),(2541,'AA','Sun_Mon_Tue_Wed_Thu_Fri_Sat','AUS','07:45:00','PHX','10:34:00','2h 49m'),(2542,'AA','Mon_Wed_Thu_Fri','BWI','11:13:00','JFK','13:23:00','2h 10m'),(2543,'UA','Sun_Mon_Tue_Wed_Thu_Fri_Sat','ORD','06:56:00','BWI','09:00:00','2h 4m'),(2547,'US','Mon_Wed_Thu_Fri','PHL','11:35:00','ORD','14:24:00','2h 49m'),(2558,'WN','Sun_Mon_Tue_Wed_Thu_Fri_Sat','DEN','18:32:00','HOU','21:36:00','3h 4m'),(2559,'US','Mon_Wed_Thu_Fri','MCI','12:48:00','PHL','15:40:00','2h 52m'),(2561,'UA','Mon_Wed_Thu_Fri','PDX','12:23:00','DEN','14:29:00','2h 6m'),(2562,'US','Sun_Mon_Tue_Wed_Thu_Fri_Sat','PHL','18:51:00','DFW','21:47:00','2h 56m'),(2566,'B6','Mon_Wed_Thu_Fri','JFK','12:11:00','TPA','14:13:00','2h 2m'),(2570,'B6','Sun_Mon_Tue_Wed_Thu_Fri_Sat','JFK','17:18:00','BOS','19:44:00','2h 26m'),(2596,'WN','Mon_Wed_Thu_Fri','PHL','12:22:00','PHX','15:34:00','3h 12m'),(2604,'AA','Mon_Wed_Thu_Fri','SAN','12:47:00','PHX','14:30:00','1h 43m'),(2608,'US','Sun_Mon_Tue_Wed_Thu_Fri_Sat','SAN','17:11:00','DCA','19:23:00','2h 12m'),(2609,'US','Sun_Mon_Tue_Wed_Thu_Fri_Sat','SAN','07:44:00','JFK','11:03:00','3h 19m'),(2611,'B6','Sun_Mon_Tue_Wed_Thu_Fri_Sat','JFK','18:17:00','ORD','20:37:00','2h 20m'),(2616,'UA','Sun_Mon_Tue_Wed_Thu_Fri_Sat','SFO','06:13:00','DCA','07:54:00','1h 41m'),(2618,'UA','Sun_Mon_Tue_Wed_Thu_Fri_Sat','ORD','18:40:00','LGA','22:03:00','3h 23m'),(2622,'WN','Sun_Mon_Tue_Wed_Thu_Fri_Sat','PHX','07:25:00','TPA','10:24:00','2h 59m'),(2623,'UA','Sun_Mon_Tue_Wed_Thu_Fri_Sat','MIA','07:37:00','DEN','10:03:00','2h 26m'),(2626,'B6','Mon_Wed_Thu_Fri','BOS','11:43:00','PDX','13:40:00','1h 57m'),(2628,'B6','Sun_Mon_Tue_Wed_Thu_Fri_Sat','JFK','18:42:00','AUS','21:45:00','3h 3m'),(2632,'UA','Sun_Mon_Tue_Wed_Thu_Fri_Sat','BOS','18:09:00','SFO','20:56:00','2h 47m'),(2637,'US','Sun_Mon_Tue_Wed_Thu_Fri_Sat','LGA','18:59:00','ORD','20:55:00','1h 56m'),(2640,'AA','Mon_Wed_Thu_Fri','DFW','12:32:00','PDX','14:21:00','1h 49m'),(2644,'AA','Sun_Mon_Tue_Wed_Thu_Fri_Sat','BWI','06:08:00','DFW','09:32:00','3h 24m'),(2648,'DL','Mon_Wed_Thu_Fri','STL','12:18:00','ATL','14:59:00','2h 41m'),(2649,'UA','Mon_Wed_Thu_Fri','SAN','11:14:00','ORD','14:08:00','2h 54m'),(2650,'WN','Sun_Mon_Tue_Wed_Thu_Fri_Sat','PHL','18:04:00','LAS','20:07:00','2h 3m'),(2654,'UA','Mon_Wed_Thu_Fri','MCI','12:09:00','SFO','14:08:00','1h 59m'),(2655,'US','Mon_Wed_Thu_Fri','MIA','11:47:00','SAN','13:39:00','1h 52m'),(2659,'UA','Sun_Mon_Tue_Wed_Thu_Fri_Sat','LAS','17:04:00','SFO','19:47:00','2h 43m'),(2660,'WN','Sun_Mon_Tue_Wed_Thu_Fri_Sat','TPA','17:18:00','PHL','19:47:00','2h 29m'),(2670,'UA','Mon_Wed_Thu_Fri','DEN','12:53:00','PHL','14:56:00','2h 3m'),(2671,'WN','Sun_Mon_Tue_Wed_Thu_Fri_Sat','ATL','07:50:00','DEN','10:11:00','2h 21m'),(2674,'B6','Sun_Mon_Tue_Wed_Thu_Fri_Sat','DCA','07:51:00','TPA','09:55:00','2h 4m'),(2677,'UA','Sun_Mon_Tue_Wed_Thu_Fri_Sat','BOS','18:53:00','DEN','21:35:00','2h 42m'),(2681,'US','Sun_Mon_Tue_Wed_Thu_Fri_Sat','PHX','06:22:00','PDX','08:27:00','2h 5m'),(2683,'WN','Sun_Mon_Tue_Wed_Thu_Fri_Sat','TPA','06:53:00','HOU','08:43:00','1h 50m'),(2687,'AA','Sun_Mon_Tue_Wed_Thu_Fri_Sat','DFW','07:09:00','PHX','10:04:00','1h 55m'),(2691,'US','Sun_Mon_Tue_Wed_Thu_Fri_Sat','MCI','06:25:00','DCA','09:10:00','2h 45m'),(2694,'WN','Sun_Mon_Tue_Wed_Thu_Fri_Sat','PHX','18:31:00','OAK','21:21:00','2h 50m'),(2695,'AA','Sun_Mon_Tue_Wed_Thu_Fri_Sat','SAN','18:37:00','PDX','20:21:00','1h 44m'),(2697,'B6','Sun_Mon_Tue_Wed_Thu_Fri_Sat','BOS','06:23:00','SFO','09:50:00','3h 27m'),(2700,'WN','Mon_Wed_Thu_Fri','TPA','12:20:00','PHL','14:49:00','2h 29m'),(2704,'WN','Sun_Mon_Tue_Wed_Thu_Fri_Sat','HOU','07:22:00','AUS','10:51:00','3h 29m'),(2706,'WN','Sun_Mon_Tue_Wed_Thu_Fri_Sat','MCI','07:36:00','DCA','10:33:00','2h 57m'),(2708,'DL','Sun_Mon_Tue_Wed_Thu_Fri_Sat','MCI','07:54:00','LGA','11:12:00','3h 18m'),(2716,'WN','Sun_Mon_Tue_Wed_Thu_Fri_Sat','LGA','17:22:00','DEN','19:21:00','1h 59m'),(2717,'DL','Mon_Wed_Thu_Fri','BOS','11:59:00','ATL','14:40:00','2h 41m'),(2720,'US','Sun_Mon_Tue_Wed_Thu_Fri_Sat','MIA','17:28:00','BOS','19:32:00','2h 4m'),(2721,'UA','Sun_Mon_Tue_Wed_Thu_Fri_Sat','DFW','17:16:00','DEN','19:14:00','1h 58m'),(2725,'WN','Sun_Mon_Tue_Wed_Thu_Fri_Sat','DEN','07:30:00','AUS','09:30:00','2h 0m'),(2731,'AA','Sun_Mon_Tue_Wed_Thu_Fri_Sat','DCA','17:17:00','LGA','19:00:00','1h 43m'),(2736,'AA','Sun_Mon_Tue_Wed_Thu_Fri_Sat','JFK','06:17:00','LAX','08:13:00','1h 56m'),(2744,'DL','Sun_Mon_Tue_Wed_Thu_Fri_Sat','LGA','17:35:00','STL','20:20:00','2h 45m'),(2750,'UA','Sun_Mon_Tue_Wed_Thu_Fri_Sat','PDX','07:23:00','SFO','10:26:00','3h 3m'),(2758,'US','Sun_Mon_Tue_Wed_Thu_Fri_Sat','BOS','17:16:00','ORD','20:36:00','3h 20m'),(2765,'UA','Mon_Wed_Thu_Fri','LAX','12:47:00','ORD','15:11:00','2h 24m'),(2768,'WN','Sun_Mon_Tue_Wed_Thu_Fri_Sat','PHX','06:10:00','ATL','09:00:00','2h 50m'),(2769,'UA','Sun_Mon_Tue_Wed_Thu_Fri_Sat','BOS','06:58:00','DEN','09:40:00','2h 42m'),(2771,'AA','Sun_Mon_Tue_Wed_Thu_Fri_Sat','PDX','18:30:00','SAN','21:02:00','2h 32m'),(2773,'DL','Sun_Mon_Tue_Wed_Thu_Fri_Sat','SAN','17:33:00','ATL','20:46:00','3h 13m'),(2774,'DL','Sun_Mon_Tue_Wed_Thu_Fri_Sat','STL','07:25:00','LGA','10:29:00','3h 4m'),(2776,'UA','Mon_Wed_Thu_Fri','ATL','11:35:00','LGA','13:58:00','2h 23m'),(2777,'UA','Sun_Mon_Tue_Wed_Thu_Fri_Sat','PHL','18:15:00','SFO','20:34:00','2h 19m'),(2779,'WN','Sun_Mon_Tue_Wed_Thu_Fri_Sat','PDX','07:48:00','PHX','09:53:00','2h 5m'),(2782,'AA','Mon_Wed_Thu_Fri','CLE','11:48:00','MIA','14:27:00','2h 39m'),(2784,'AA','Sun_Mon_Tue_Wed_Thu_Fri_Sat','SEA','06:04:00','SAN','08:31:00','2h 27m'),(2790,'US','Sun_Mon_Tue_Wed_Thu_Fri_Sat','ORD','17:31:00','SFO','20:21:00','2h 50m'),(2793,'WN','Mon_Wed_Thu_Fri','HOU','12:16:00','ATL','14:15:00','1h 59m'),(2802,'WN','Mon_Wed_Thu_Fri','TPA','12:36:00','BWI','15:58:00','3h 22m'),(2803,'AA','Sun_Mon_Tue_Wed_Thu_Fri_Sat','ORD','06:15:00','DCA','09:29:00','3h 14m'),(2805,'WN','Mon_Wed_Thu_Fri','LAX','11:20:00','AUS','14:08:00','2h 48m'),(2809,'UA','Mon_Wed_Thu_Fri','PHX','12:16:00','CLE','15:13:00','2h 57m'),(2810,'UA','Sun_Mon_Tue_Wed_Thu_Fri_Sat','ORD','18:09:00','BWI','20:13:00','2h 4m'),(2817,'US','Mon_Wed_Thu_Fri','DFW','11:25:00','LAX','14:33:00','3h 8m'),(2822,'US','Sun_Mon_Tue_Wed_Thu_Fri_Sat','SEA','17:03:00','PHX','20:01:00','2h 58m'),(2823,'B6','Sun_Mon_Tue_Wed_Thu_Fri_Sat','JFK','17:45:00','LAX','19:56:00','2h 11m'),(2824,'AA','Mon_Wed_Thu_Fri','HOU','11:17:00','DFW','13:48:00','2h 31m'),(2825,'AA','Sun_Mon_Tue_Wed_Thu_Fri_Sat','PHL','06:42:00','ORD','09:53:00','3h 11m'),(2829,'UA','Mon_Wed_Thu_Fri','LAS','12:34:00','DEN','15:29:00','1h 55m'),(2833,'AA','Sun_Mon_Tue_Wed_Thu_Fri_Sat','JFK','06:49:00','BWI','08:42:00','1h 53m'),(2837,'UA','Sun_Mon_Tue_Wed_Thu_Fri_Sat','DFW','06:04:00','DEN','08:02:00','1h 58m'),(2839,'US','Sun_Mon_Tue_Wed_Thu_Fri_Sat','JFK','06:09:00','PHX','09:27:00','3h 18m'),(2843,'WN','Sun_Mon_Tue_Wed_Thu_Fri_Sat','LGA','18:30:00','ATL','20:20:00','1h 50m'),(2844,'WN','Sun_Mon_Tue_Wed_Thu_Fri_Sat','LAS','17:07:00','AUS','20:19:00','3h 12m'),(2857,'US','Sun_Mon_Tue_Wed_Thu_Fri_Sat','SFO','07:57:00','PHX','11:08:00','3h 11m'),(2859,'AA','Sun_Mon_Tue_Wed_Thu_Fri_Sat','LAX','17:17:00','DFW','20:29:00','3h 12m'),(2866,'US','Sun_Mon_Tue_Wed_Thu_Fri_Sat','LAX','07:31:00','DCA','10:50:00','3h 19m'),(2871,'AA','Sun_Mon_Tue_Wed_Thu_Fri_Sat','JFK','17:57:00','BOS','19:59:00','2h 2m'),(2874,'AA','Sun_Mon_Tue_Wed_Thu_Fri_Sat','JFK','06:03:00','LAS','08:53:00','2h 50m'),(2876,'UA','Sun_Mon_Tue_Wed_Thu_Fri_Sat','MIA','18:20:00','ORD','21:43:00','3h 23m'),(2878,'AA','Sun_Mon_Tue_Wed_Thu_Fri_Sat','STL','06:51:00','ORD','09:47:00','2h 56m'),(2879,'AA','Sun_Mon_Tue_Wed_Thu_Fri_Sat','TPA','17:54:00','DFW','20:14:00','2h 20m'),(2881,'WN','Sun_Mon_Tue_Wed_Thu_Fri_Sat','HOU','06:19:00','PHX','08:08:00','1h 49m'),(2883,'AA','Sun_Mon_Tue_Wed_Thu_Fri_Sat','JFK','18:31:00','ORD','20:45:00','2h 14m'),(2886,'WN','Sun_Mon_Tue_Wed_Thu_Fri_Sat','PHL','18:02:00','ATL','20:43:00','2h 41m'),(2889,'UA','Sun_Mon_Tue_Wed_Thu_Fri_Sat','SFO','06:08:00','AUS','07:59:00','1h 51m'),(2892,'WN','Mon_Wed_Thu_Fri','PHL','12:52:00','STL','15:46:00','2h 54m'),(2893,'B6','Sun_Mon_Tue_Wed_Thu_Fri_Sat','JFK','18:05:00','LAS','20:54:00','2h 49m'),(2894,'US','Sun_Mon_Tue_Wed_Thu_Fri_Sat','DFW','18:12:00','BWI','20:40:00','2h 28m'),(2898,'US','Mon_Wed_Thu_Fri','PHL','11:27:00','DCA','14:23:00','2h 56m'),(2904,'WN','Sun_Mon_Tue_Wed_Thu_Fri_Sat','HOU','17:37:00','PHX','19:26:00','1h 49m'),(2905,'US','Mon_Wed_Thu_Fri','AUS','11:13:00','ORD','14:32:00','3h 19m'),(2906,'WN','Sun_Mon_Tue_Wed_Thu_Fri_Sat','HOU','07:57:00','LAX','09:52:00','1h 55m'),(2908,'AA','Sun_Mon_Tue_Wed_Thu_Fri_Sat','ORD','07:46:00','LGA','10:25:00','2h 39m'),(2911,'WN','Sun_Mon_Tue_Wed_Thu_Fri_Sat','MCI','06:57:00','BOS','09:48:00','2h 51m'),(2918,'AA','Mon_Wed_Thu_Fri','BOS','11:08:00','ORD','14:16:00','3h 8m'),(2919,'DL','Sun_Mon_Tue_Wed_Thu_Fri_Sat','MIA','06:29:00','ATL','09:07:00','2h 38m'),(2921,'AA','Mon_Wed_Thu_Fri','LAX','12:20:00','ORD','15:46:00','3h 26m'),(2923,'US','Sun_Mon_Tue_Wed_Thu_Fri_Sat','LAS','06:51:00','ORD','09:58:00','3h 7m'),(2931,'WN','Sun_Mon_Tue_Wed_Thu_Fri_Sat','SAN','07:03:00','SFO','09:32:00','2h 29m'),(2934,'US','Sun_Mon_Tue_Wed_Thu_Fri_Sat','PHX','18:28:00','AUS','21:19:00','2h 51m'),(2935,'DL','Sun_Mon_Tue_Wed_Thu_Fri_Sat','LAX','18:36:00','MIA','20:21:00','1h 45m'),(2937,'B6','Sun_Mon_Tue_Wed_Thu_Fri_Sat','ORD','07:21:00','JFK','10:09:00','2h 48m'),(2938,'UA','Sun_Mon_Tue_Wed_Thu_Fri_Sat','SFO','06:55:00','PDX','08:40:00','1h 45m'),(2940,'US','Sun_Mon_Tue_Wed_Thu_Fri_Sat','PHX','06:14:00','TPA','08:10:00','1h 56m'),(2944,'UA','Sun_Mon_Tue_Wed_Thu_Fri_Sat','ATL','17:46:00','CLE','20:25:00','2h 39m'),(2946,'DL','Mon_Wed_Thu_Fri','PHL','12:19:00','JFK','15:42:00','3h 23m'),(2950,'AA','Sun_Mon_Tue_Wed_Thu_Fri_Sat','DFW','06:01:00','CLE','09:28:00','3h 27m'),(2955,'US','Mon_Wed_Thu_Fri','ORD','11:13:00','PHX','13:39:00','2h 26m'),(2958,'AA','Mon_Wed_Thu_Fri','BOS','12:20:00','JFK','15:39:00','3h 19m'),(2961,'US','Mon_Wed_Thu_Fri','ORD','11:17:00','PDX','14:25:00','3h 8m'),(2966,'DL','Mon_Wed_Thu_Fri','ATL','12:06:00','PHL','13:50:00','1h 44m'),(2973,'UA','Sun_Mon_Tue_Wed_Thu_Fri_Sat','SFO','17:48:00','ORD','20:26:00','2h 38m'),(2977,'AA','Sun_Mon_Tue_Wed_Thu_Fri_Sat','PHL','17:02:00','AUS','19:45:00','2h 43m'),(2978,'DL','Sun_Mon_Tue_Wed_Thu_Fri_Sat','PHL','18:40:00','JFK','22:03:00','3h 23m'),(2981,'AA','Mon_Wed_Thu_Fri','DCA','11:09:00','LAX','13:03:00','1h 54m'),(2983,'DL','Mon_Wed_Thu_Fri','CLE','12:03:00','ATL','15:14:00','3h 11m'),(2989,'US','Sun_Mon_Tue_Wed_Thu_Fri_Sat','LAS','06:39:00','MIA','09:38:00','2h 59m'),(2990,'US','Mon_Wed_Thu_Fri','MIA','11:01:00','BOS','13:05:00','2h 4m'),(2992,'AA','Sun_Mon_Tue_Wed_Thu_Fri_Sat','DFW','07:51:00','DEN','10:44:00','2h 53m'),(2993,'WN','Sun_Mon_Tue_Wed_Thu_Fri_Sat','LAX','07:52:00','OAK','11:01:00','3h 9m'),(2994,'WN','Sun_Mon_Tue_Wed_Thu_Fri_Sat','STL','06:42:00','LGA','10:11:00','3h 29m'),(2996,'UA','Mon_Wed_Thu_Fri','ORD','12:18:00','SEA','14:35:00','2h 17m'),(2997,'UA','Mon_Wed_Thu_Fri','ORD','11:10:00','DEN','12:56:00','1h 46m'),(3003,'UA','Mon_Wed_Thu_Fri','CLE','11:38:00','LAX','15:07:00','3h 29m'),(3005,'DL','Sun_Mon_Tue_Wed_Thu_Fri_Sat','DFW','07:27:00','ATL','10:15:00','2h 48m'),(3006,'US','Sun_Mon_Tue_Wed_Thu_Fri_Sat','ORD','17:23:00','LGA','20:34:00','3h 11m'),(3008,'US','Sun_Mon_Tue_Wed_Thu_Fri_Sat','STL','17:01:00','ORD','19:13:00','2h 12m'),(3009,'WN','Sun_Mon_Tue_Wed_Thu_Fri_Sat','LGA','07:22:00','ATL','09:12:00','1h 50m'),(3011,'AA','Sun_Mon_Tue_Wed_Thu_Fri_Sat','PHL','07:08:00','SAN','10:37:00','3h 29m'),(3022,'US','Sun_Mon_Tue_Wed_Thu_Fri_Sat','ATL','17:29:00','PHL','20:06:00','2h 37m'),(3023,'DL','Sun_Mon_Tue_Wed_Thu_Fri_Sat','JFK','06:12:00','BOS','09:12:00','3h 0m'),(3026,'US','Sun_Mon_Tue_Wed_Thu_Fri_Sat','CLE','18:17:00','DFW','21:01:00','2h 44m'),(3029,'AA','Sun_Mon_Tue_Wed_Thu_Fri_Sat','PHL','17:27:00','SEA','19:31:00','2h 4m'),(3032,'WN','Mon_Wed_Thu_Fri','DEN','12:47:00','SFO','15:15:00','2h 28m'),(3034,'US','Sun_Mon_Tue_Wed_Thu_Fri_Sat','PHL','17:50:00','MCI','19:36:00','1h 46m'),(3035,'WN','Mon_Wed_Thu_Fri','MCI','12:47:00','HOU','15:06:00','2h 19m'),(3038,'US','Sun_Mon_Tue_Wed_Thu_Fri_Sat','SFO','07:37:00','LAX','09:33:00','1h 56m'),(3040,'US','Sun_Mon_Tue_Wed_Thu_Fri_Sat','PHX','06:57:00','BOS','10:07:00','3h 10m'),(3041,'WN','Sun_Mon_Tue_Wed_Thu_Fri_Sat','LGA','18:38:00','HOU','20:20:00','1h 42m'),(3043,'US','Mon_Wed_Thu_Fri','TPA','12:24:00','PHX','14:30:00','2h 6m'),(3044,'AA','Sun_Mon_Tue_Wed_Thu_Fri_Sat','PHX','07:00:00','ATL','10:08:00','3h 8m'),(3045,'WN','Sun_Mon_Tue_Wed_Thu_Fri_Sat','HOU','17:26:00','SAN','20:31:00','3h 5m'),(3052,'US','Sun_Mon_Tue_Wed_Thu_Fri_Sat','JFK','18:44:00','CLE','21:06:00','2h 22m'),(3054,'UA','Mon_Wed_Thu_Fri','TPA','11:30:00','DEN','14:36:00','3h 6m'),(3057,'WN','Sun_Mon_Tue_Wed_Thu_Fri_Sat','PHL','07:13:00','TPA','09:06:00','1h 53m'),(3059,'AA','Sun_Mon_Tue_Wed_Thu_Fri_Sat','DFW','18:35:00','SFO','21:28:00','2h 53m'),(3062,'AA','Mon_Wed_Thu_Fri','MIA','11:41:00','STL','13:45:00','2h 4m'),(3064,'WN','Mon_Wed_Thu_Fri','STL','12:25:00','BOS','14:50:00','2h 25m'),(3065,'UA','Sun_Mon_Tue_Wed_Thu_Fri_Sat','DEN','07:02:00','LGA','08:48:00','1h 46m'),(3068,'AA','Sun_Mon_Tue_Wed_Thu_Fri_Sat','DCA','17:05:00','JFK','19:59:00','2h 54m'),(3074,'WN','Mon_Wed_Thu_Fri','STL','12:42:00','DCA','15:54:00','3h 12m'),(3075,'UA','Mon_Wed_Thu_Fri','BWI','12:05:00','ORD','14:47:00','2h 42m'),(3077,'AA','Sun_Mon_Tue_Wed_Thu_Fri_Sat','BWI','07:23:00','MIA','10:04:00','2h 41m'),(3081,'DL','Sun_Mon_Tue_Wed_Thu_Fri_Sat','ATL','07:59:00','CLE','10:35:00','2h 36m'),(3086,'DL','Sun_Mon_Tue_Wed_Thu_Fri_Sat','JFK','06:24:00','DFW','09:03:00','2h 39m'),(3088,'B6','Sun_Mon_Tue_Wed_Thu_Fri_Sat','BOS','06:51:00','SEA','08:32:00','1h 41m'),(3093,'WN','Sun_Mon_Tue_Wed_Thu_Fri_Sat','HOU','07:25:00','STL','10:08:00','2h 43m'),(3095,'B6','Mon_Wed_Thu_Fri','JFK','12:05:00','BOS','14:31:00','2h 26m'),(3098,'DL','Sun_Mon_Tue_Wed_Thu_Fri_Sat','TPA','07:52:00','LGA','11:04:00','3h 12m'),(3099,'UA','Mon_Wed_Thu_Fri','DCA','11:01:00','ORD','12:57:00','1h 56m'),(3100,'WN','Sun_Mon_Tue_Wed_Thu_Fri_Sat','MCI','07:39:00','BWI','09:50:00','2h 11m'),(3105,'WN','Sun_Mon_Tue_Wed_Thu_Fri_Sat','HOU','17:47:00','DEN','19:33:00','1h 46m'),(3106,'US','Mon_Wed_Thu_Fri','CLE','11:09:00','MIA','13:24:00','2h 15m'),(3107,'US','Sun_Mon_Tue_Wed_Thu_Fri_Sat','ATL','07:27:00','MIA','10:51:00','3h 24m'),(3116,'US','Sun_Mon_Tue_Wed_Thu_Fri_Sat','ORD','07:59:00','LAX','09:39:00','1h 40m'),(3120,'WN','Sun_Mon_Tue_Wed_Thu_Fri_Sat','TPA','17:49:00','AUS','20:22:00','2h 33m'),(3126,'DL','Sun_Mon_Tue_Wed_Thu_Fri_Sat','SAN','07:14:00','JFK','10:12:00','2h 58m'),(3128,'US','Sun_Mon_Tue_Wed_Thu_Fri_Sat','DEN','06:38:00','PHL','09:51:00','3h 13m'),(3131,'DL','Sun_Mon_Tue_Wed_Thu_Fri_Sat','DEN','18:44:00','ATL','20:45:00','2h 1m'),(3134,'WN','Mon_Wed_Thu_Fri','LAS','11:08:00','BWI','14:01:00','2h 53m'),(3135,'WN','Sun_Mon_Tue_Wed_Thu_Fri_Sat','ATL','17:09:00','HOU','18:56:00','1h 47m'),(3136,'US','Sun_Mon_Tue_Wed_Thu_Fri_Sat','LAX','18:02:00','DFW','20:05:00','2h 3m'),(3138,'DL','Sun_Mon_Tue_Wed_Thu_Fri_Sat','STL','18:01:00','LGA','21:05:00','3h 4m'),(3146,'US','Mon_Wed_Thu_Fri','LAX','12:58:00','SAN','16:19:00','3h 21m'),(3147,'US','Sun_Mon_Tue_Wed_Thu_Fri_Sat','SAN','06:06:00','DFW','08:41:00','2h 35m'),(3148,'AA','Mon_Wed_Thu_Fri','ORD','12:46:00','SAN','15:58:00','3h 12m'),(3150,'WN','Sun_Mon_Tue_Wed_Thu_Fri_Sat','BWI','06:32:00','SAN','09:34:00','3h 2m'),(3154,'DL','Mon_Wed_Thu_Fri','STL','12:39:00','LGA','15:43:00','3h 4m'),(3155,'DL','Mon_Wed_Thu_Fri','LGA','11:18:00','DCA','14:37:00','3h 19m'),(3156,'US','Mon_Wed_Thu_Fri','LAX','11:16:00','LAS','13:25:00','2h 9m'),(3164,'AA','Sun_Mon_Tue_Wed_Thu_Fri_Sat','LAS','06:16:00','PHL','08:20:00','2h 4m'),(3169,'WN','Mon_Wed_Thu_Fri','DEN','11:15:00','MCI','14:22:00','3h 7m'),(3170,'US','Sun_Mon_Tue_Wed_Thu_Fri_Sat','PHX','18:08:00','PDX','20:13:00','2h 5m'),(3171,'WN','Sun_Mon_Tue_Wed_Thu_Fri_Sat','BWI','07:29:00','SEA','10:32:00','3h 3m'),(3173,'AA','Sun_Mon_Tue_Wed_Thu_Fri_Sat','PHX','07:17:00','BWI','09:01:00','1h 44m'),(3175,'WN','Sun_Mon_Tue_Wed_Thu_Fri_Sat','TPA','07:22:00','AUS','09:55:00','2h 33m'),(3178,'US','Sun_Mon_Tue_Wed_Thu_Fri_Sat','BOS','18:09:00','JFK','20:11:00','2h 2m'),(3180,'DL','Sun_Mon_Tue_Wed_Thu_Fri_Sat','BOS','17:31:00','LAS','20:45:00','3h 14m'),(3184,'B6','Sun_Mon_Tue_Wed_Thu_Fri_Sat','DEN','06:36:00','BOS','10:03:00','3h 27m'),(3190,'B6','Sun_Mon_Tue_Wed_Thu_Fri_Sat','BOS','17:17:00','HOU','19:34:00','2h 17m'),(3191,'WN','Sun_Mon_Tue_Wed_Thu_Fri_Sat','HOU','18:53:00','BOS','20:47:00','1h 54m'),(3193,'UA','Mon_Wed_Thu_Fri','DEN','12:08:00','SFO','14:11:00','2h 3m'),(3195,'UA','Mon_Wed_Thu_Fri','DEN','11:41:00','LGA','13:27:00','1h 46m'),(3206,'US','Mon_Wed_Thu_Fri','LAX','12:50:00','PHX','14:53:00','2h 3m'),(3208,'AA','Sun_Mon_Tue_Wed_Thu_Fri_Sat','PHX','07:20:00','OAK','09:08:00','1h 48m'),(3210,'WN','Sun_Mon_Tue_Wed_Thu_Fri_Sat','DEN','07:34:00','STL','09:50:00','2h 16m'),(3211,'DL','Mon_Wed_Thu_Fri','STL','11:56:00','JFK','13:58:00','2h 2m'),(3222,'UA','Sun_Mon_Tue_Wed_Thu_Fri_Sat','ORD','17:01:00','LAS','19:59:00','2h 58m'),(3226,'US','Mon_Wed_Thu_Fri','SFO','11:26:00','JFK','14:37:00','3h 11m'),(3228,'UA','Sun_Mon_Tue_Wed_Thu_Fri_Sat','ATL','18:51:00','SFO','22:17:00','3h 26m'),(3229,'AA','Sun_Mon_Tue_Wed_Thu_Fri_Sat','PHL','07:57:00','TPA','10:34:00','2h 37m'),(3233,'US','Sun_Mon_Tue_Wed_Thu_Fri_Sat','SAN','07:24:00','PHL','09:10:00','1h 46m'),(3235,'DL','Mon_Wed_Thu_Fri','BOS','11:39:00','JFK','13:49:00','2h 10m'),(3237,'B6','Mon_Wed_Thu_Fri','PHX','12:26:00','JFK','15:19:00','2h 53m'),(3240,'US','Mon_Wed_Thu_Fri','STL','12:07:00','LAX','14:23:00','2h 16m'),(3243,'AA','Mon_Wed_Thu_Fri','DCA','11:08:00','MIA','13:20:00','2h 12m'),(3245,'US','Sun_Mon_Tue_Wed_Thu_Fri_Sat','DFW','06:46:00','MCI','08:48:00','2h 2m'),(3249,'WN','Mon_Wed_Thu_Fri','PHX','11:09:00','ATL','13:59:00','2h 50m'),(3256,'AA','Mon_Wed_Thu_Fri','BWI','11:29:00','PHX','13:27:00','1h 58m'),(3258,'DL','Mon_Wed_Thu_Fri','MCI','11:59:00','LAX','14:26:00','2h 27m'),(3264,'US','Sun_Mon_Tue_Wed_Thu_Fri_Sat','ORD','07:18:00','MCI','10:21:00','3h 3m'),(3265,'US','Sun_Mon_Tue_Wed_Thu_Fri_Sat','STL','06:20:00','PHL','08:05:00','1h 45m'),(3267,'US','Sun_Mon_Tue_Wed_Thu_Fri_Sat','PHX','18:01:00','SAN','19:49:00','1h 48m'),(3269,'AA','Sun_Mon_Tue_Wed_Thu_Fri_Sat','SAN','06:09:00','JFK','08:02:00','1h 53m'),(3271,'US','Mon_Wed_Thu_Fri','PHL','12:39:00','STL','14:43:00','2h 4m'),(3277,'DL','Sun_Mon_Tue_Wed_Thu_Fri_Sat','JFK','07:05:00','PDX','09:21:00','2h 16m'),(3284,'US','Sun_Mon_Tue_Wed_Thu_Fri_Sat','DFW','18:00:00','SEA','20:29:00','2h 29m'),(3290,'US','Mon_Wed_Thu_Fri','DEN','11:53:00','DFW','14:41:00','2h 48m'),(3292,'UA','Sun_Mon_Tue_Wed_Thu_Fri_Sat','LAX','07:16:00','LAS','10:45:00','3h 29m'),(3296,'WN','Sun_Mon_Tue_Wed_Thu_Fri_Sat','BOS','07:37:00','HOU','10:15:00','2h 38m'),(3297,'WN','Sun_Mon_Tue_Wed_Thu_Fri_Sat','LAX','18:50:00','OAK','21:59:00','3h 9m'),(3304,'UA','Sun_Mon_Tue_Wed_Thu_Fri_Sat','SAN','17:54:00','ORD','20:48:00','2h 54m'),(3308,'AA','Sun_Mon_Tue_Wed_Thu_Fri_Sat','MIA','17:13:00','BOS','19:32:00','2h 19m'),(3312,'DL','Mon_Wed_Thu_Fri','BWI','12:29:00','JFK','15:28:00','2h 59m'),(3313,'UA','Mon_Wed_Thu_Fri','ORD','11:09:00','MCI','13:11:00','2h 2m'),(3314,'AA','Sun_Mon_Tue_Wed_Thu_Fri_Sat','DFW','07:53:00','SFO','10:46:00','2h 53m'),(3316,'DL','Sun_Mon_Tue_Wed_Thu_Fri_Sat','LGA','07:16:00','CLE','08:58:00','1h 42m'),(3318,'WN','Sun_Mon_Tue_Wed_Thu_Fri_Sat','DEN','06:25:00','SFO','08:53:00','2h 28m'),(3323,'US','Sun_Mon_Tue_Wed_Thu_Fri_Sat','PHL','06:48:00','DEN','09:28:00','2h 40m'),(3324,'US','Sun_Mon_Tue_Wed_Thu_Fri_Sat','ORD','07:02:00','JFK','09:19:00','2h 17m'),(3326,'US','Mon_Wed_Thu_Fri','LAS','12:58:00','LAX','15:43:00','2h 45m'),(3330,'UA','Mon_Wed_Thu_Fri','PHX','12:02:00','LAX','14:10:00','2h 8m'),(3331,'UA','Mon_Wed_Thu_Fri','ORD','11:47:00','CLE','14:13:00','2h 26m'),(3335,'WN','Sun_Mon_Tue_Wed_Thu_Fri_Sat','LAX','06:53:00','SFO','09:09:00','2h 16m'),(3336,'DL','Mon_Wed_Thu_Fri','BOS','12:37:00','LAS','15:51:00','3h 14m'),(3341,'US','Sun_Mon_Tue_Wed_Thu_Fri_Sat','ORD','18:14:00','SAN','21:28:00','3h 14m'),(3344,'AA','Sun_Mon_Tue_Wed_Thu_Fri_Sat','DFW','06:57:00','LGA','09:53:00','2h 56m'),(3351,'UA','Sun_Mon_Tue_Wed_Thu_Fri_Sat','SFO','17:27:00','LAS','19:27:00','2h 0m'),(3356,'US','Sun_Mon_Tue_Wed_Thu_Fri_Sat','AUS','18:33:00','ORD','21:52:00','3h 19m'),(3357,'US','Sun_Mon_Tue_Wed_Thu_Fri_Sat','JFK','18:48:00','MIA','21:37:00','2h 49m'),(3359,'WN','Sun_Mon_Tue_Wed_Thu_Fri_Sat','DEN','06:11:00','HOU','09:15:00','3h 4m'),(3360,'DL','Sun_Mon_Tue_Wed_Thu_Fri_Sat','ATL','18:06:00','BWI','20:03:00','1h 57m'),(3362,'US','Sun_Mon_Tue_Wed_Thu_Fri_Sat','DFW','18:44:00','CLE','22:10:00','3h 26m'),(3363,'UA','Mon_Wed_Thu_Fri','BWI','12:34:00','DEN','14:14:00','1h 40m'),(3364,'AA','Mon_Wed_Thu_Fri','SFO','11:51:00','DFW','14:25:00','2h 34m'),(3365,'B6','Sun_Mon_Tue_Wed_Thu_Fri_Sat','PDX','06:29:00','JFK','09:51:00','3h 22m'),(3366,'WN','Mon_Wed_Thu_Fri','TPA','12:46:00','HOU','14:36:00','1h 50m'),(3372,'US','Mon_Wed_Thu_Fri','SEA','11:32:00','DFW','14:31:00','2h 59m'),(3374,'WN','Sun_Mon_Tue_Wed_Thu_Fri_Sat','PHX','17:05:00','DEN','20:33:00','3h 28m'),(3380,'US','Sun_Mon_Tue_Wed_Thu_Fri_Sat','OAK','07:38:00','PHX','10:12:00','2h 34m'),(3383,'AA','Sun_Mon_Tue_Wed_Thu_Fri_Sat','PHX','07:03:00','TPA','08:57:00','1h 54m'),(3385,'AA','Mon_Wed_Thu_Fri','PHX','12:33:00','OAK','14:21:00','1h 48m'),(3386,'UA','Mon_Wed_Thu_Fri','SEA','12:59:00','LAX','14:55:00','1h 56m'),(3388,'UA','Mon_Wed_Thu_Fri','DFW','12:00:00','SFO','14:01:00','2h 1m'),(3390,'WN','Mon_Wed_Thu_Fri','AUS','12:53:00','PHX','15:04:00','2h 11m'),(3393,'US','Sun_Mon_Tue_Wed_Thu_Fri_Sat','SFO','18:43:00','ORD','21:51:00','3h 8m'),(3394,'AA','Mon_Wed_Thu_Fri','DFW','12:26:00','PHX','15:21:00','1h 55m'),(3395,'DL','Sun_Mon_Tue_Wed_Thu_Fri_Sat','ORD','07:23:00','LGA','09:23:00','2h 0m'),(3397,'US','Mon_Wed_Thu_Fri','ORD','12:35:00','DFW','15:54:00','3h 19m'),(3400,'US','Sun_Mon_Tue_Wed_Thu_Fri_Sat','BOS','17:01:00','DCA','18:58:00','1h 57m'),(3408,'US','Sun_Mon_Tue_Wed_Thu_Fri_Sat','DFW','18:56:00','ATL','22:23:00','3h 27m'),(3410,'DL','Sun_Mon_Tue_Wed_Thu_Fri_Sat','ATL','18:29:00','DFW','20:37:00','2h 8m'),(3418,'US','Sun_Mon_Tue_Wed_Thu_Fri_Sat','MIA','07:07:00','BWI','09:31:00','2h 24m'),(3421,'DL','Sun_Mon_Tue_Wed_Thu_Fri_Sat','ORD','17:58:00','JFK','20:08:00','2h 10m'),(3423,'DL','Mon_Wed_Thu_Fri','DFW','12:28:00','ATL','15:16:00','2h 48m'),(3424,'AA','Sun_Mon_Tue_Wed_Thu_Fri_Sat','JFK','17:59:00','SEA','20:02:00','2h 3m'),(3427,'US','Sun_Mon_Tue_Wed_Thu_Fri_Sat','AUS','06:19:00','DFW','08:27:00','2h 8m'),(3428,'AA','Sun_Mon_Tue_Wed_Thu_Fri_Sat','PHX','07:35:00','AUS','10:33:00','2h 58m'),(3429,'AA','Sun_Mon_Tue_Wed_Thu_Fri_Sat','DFW','06:06:00','BOS','08:35:00','2h 29m'),(3434,'WN','Sun_Mon_Tue_Wed_Thu_Fri_Sat','SFO','17:01:00','ATL','19:18:00','2h 17m'),(3437,'WN','Mon_Wed_Thu_Fri','PHX','11:25:00','AUS','14:35:00','3h 10m'),(3438,'UA','Sun_Mon_Tue_Wed_Thu_Fri_Sat','CLE','07:46:00','PHX','10:43:00','2h 57m'),(3439,'WN','Mon_Wed_Thu_Fri','MCI','11:11:00','DCA','14:08:00','2h 57m'),(3441,'AA','Sun_Mon_Tue_Wed_Thu_Fri_Sat','TPA','06:35:00','DCA','09:45:00','3h 10m'),(3442,'WN','Mon_Wed_Thu_Fri','SAN','12:40:00','DEN','15:56:00','3h 16m'),(3447,'AA','Mon_Wed_Thu_Fri','SEA','12:34:00','DFW','14:53:00','2h 19m'),(3448,'UA','Sun_Mon_Tue_Wed_Thu_Fri_Sat','STL','18:01:00','SFO','21:29:00','3h 28m'),(3450,'US','Sun_Mon_Tue_Wed_Thu_Fri_Sat','CLE','17:09:00','MIA','19:24:00','2h 15m'),(3464,'UA','Mon_Wed_Thu_Fri','LAX','12:01:00','BOS','14:37:00','2h 36m'),(3466,'AA','Sun_Mon_Tue_Wed_Thu_Fri_Sat','ORD','06:40:00','BWI','08:52:00','2h 12m'),(3469,'UA','Sun_Mon_Tue_Wed_Thu_Fri_Sat','DEN','07:37:00','MCI','09:57:00','2h 20m'),(3475,'DL','Sun_Mon_Tue_Wed_Thu_Fri_Sat','CLE','17:04:00','ATL','20:15:00','3h 11m'),(3476,'AA','Sun_Mon_Tue_Wed_Thu_Fri_Sat','ORD','07:46:00','SAN','10:58:00','3h 12m'),(3478,'US','Mon_Wed_Thu_Fri','STL','11:29:00','LGA','13:24:00','1h 55m'),(3484,'UA','Sun_Mon_Tue_Wed_Thu_Fri_Sat','PHX','07:19:00','DEN','09:36:00','2h 17m'),(3488,'AA','Mon_Wed_Thu_Fri','DFW','12:01:00','ATL','15:00:00','2h 59m'),(3493,'AA','Mon_Wed_Thu_Fri','ORD','11:20:00','BOS','14:04:00','2h 44m'),(3496,'AA','Mon_Wed_Thu_Fri','PHX','12:10:00','STL','15:32:00','3h 22m'),(3498,'US','Sun_Mon_Tue_Wed_Thu_Fri_Sat','DFW','18:34:00','SAN','20:14:00','1h 40m'),(3499,'WN','Sun_Mon_Tue_Wed_Thu_Fri_Sat','TPA','06:16:00','DEN','09:19:00','3h 3m'),(3502,'DL','Mon_Wed_Thu_Fri','LGA','12:48:00','DEN','14:46:00','1h 58m'),(3505,'US','Sun_Mon_Tue_Wed_Thu_Fri_Sat','BWI','06:23:00','JFK','08:46:00','2h 23m'),(3508,'UA','Mon_Wed_Thu_Fri','LAX','11:49:00','PDX','14:56:00','3h 7m'),(3513,'US','Mon_Wed_Thu_Fri','MIA','11:38:00','DEN','14:04:00','2h 26m'),(3515,'AA','Mon_Wed_Thu_Fri','BWI','12:09:00','DFW','15:33:00','3h 24m'),(3517,'US','Sun_Mon_Tue_Wed_Thu_Fri_Sat','ORD','17:50:00','STL','20:13:00','2h 23m'),(3522,'DL','Sun_Mon_Tue_Wed_Thu_Fri_Sat','LAS','06:10:00','ATL','08:06:00','1h 56m'),(3524,'US','Sun_Mon_Tue_Wed_Thu_Fri_Sat','DFW','06:25:00','ATL','09:52:00','3h 27m'),(3526,'AA','Sun_Mon_Tue_Wed_Thu_Fri_Sat','STL','18:33:00','SEA','20:59:00','2h 26m'),(3527,'US','Sun_Mon_Tue_Wed_Thu_Fri_Sat','DEN','18:30:00','ORD','20:57:00','2h 27m'),(3528,'WN','Mon_Wed_Thu_Fri','SFO','11:35:00','PHX','14:53:00','3h 18m'),(3529,'US','Sun_Mon_Tue_Wed_Thu_Fri_Sat','DCA','18:22:00','PHX','21:23:00','3h 1m'),(3531,'US','Sun_Mon_Tue_Wed_Thu_Fri_Sat','DFW','17:36:00','STL','20:24:00','2h 48m'),(3532,'WN','Sun_Mon_Tue_Wed_Thu_Fri_Sat','MCI','06:39:00','PHX','08:54:00','2h 15m'),(3534,'WN','Sun_Mon_Tue_Wed_Thu_Fri_Sat','BWI','06:13:00','AUS','09:25:00','3h 12m'),(3536,'B6','Sun_Mon_Tue_Wed_Thu_Fri_Sat','SFO','17:34:00','BOS','20:41:00','3h 7m');
/*!40000 ALTER TABLE `flight` ENABLE KEYS */;
UNLOCK TABLES;

--
-- Table structure for table `flight_instance`
--

DROP TABLE IF EXISTS `flight_instance`;
/*!40101 SET @saved_cs_client     = @@character_set_client */;
/*!50503 SET character_set_client = utf8mb4 */;
CREATE TABLE `flight_instance` (
  `FLIGHT_NUMBER` int NOT NULL DEFAULT '0',
  `FLIGHT_DATE` date NOT NULL,
  `NUMBER_OF_AVAILABLE_SEATS` int DEFAULT NULL,
  `AIRPLANE_ID` int DEFAULT NULL,
  `DEPARTURE_TIME` time DEFAULT NULL,
  `ARRIVAL_TIME` time DEFAULT NULL,
  PRIMARY KEY (`FLIGHT_NUMBER`,`FLIGHT_DATE`),
  KEY `AIRPLANE_ID` (`AIRPLANE_ID`),
  CONSTRAINT `flight_instance_ibfk_1` FOREIGN KEY (`AIRPLANE_ID`) REFERENCES `airplane` (`AIRPLANE_ID`)
) ENGINE=InnoDB DEFAULT CHARSET=latin1;
/*!40101 SET character_set_client = @saved_cs_client */;

--
-- Dumping data for table `flight_instance`
--

LOCK TABLES `flight_instance` WRITE;
/*!40000 ALTER TABLE `flight_instance` DISABLE KEYS */;
INSERT INTO `flight_instance` VALUES (162,'2015-05-31',10,1929,'17:35:00','20:27:00'),(199,'2015-05-31',8,2010,'07:52:00','10:36:00'),(281,'2015-05-31',16,3964,'06:04:00','08:33:00'),(536,'2015-05-31',10,873,'07:59:00','10:32:00'),(811,'2015-05-31',8,1940,'06:46:00','08:27:00'),(1093,'2015-05-31',8,899,'11:50:00','14:23:00'),(1111,'2015-05-31',10,957,'06:34:00','09:00:00'),(1182,'2015-05-31',8,1988,'17:45:00','19:26:00'),(1486,'2015-05-31',12,1455,'18:33:00','21:23:00'),(1780,'2015-05-31',14,2480,'07:12:00','10:03:00'),(2419,'2015-05-31',12,1377,'17:39:00','20:05:00'),(3952,'2015-05-31',10,3090,'17:50:00','19:50:00'),(4009,'2015-05-31',10,979,'12:42:00','15:08:00'),(4447,'2015-05-31',10,2031,'12:08:00','14:52:00'),(4452,'2015-05-31',12,2504,'11:24:00','14:15:00'),(4495,'2015-05-31',10,1967,'12:14:00','13:55:00'),(4553,'2015-05-31',16,4010,'18:57:00','21:26:00'),(5075,'2015-05-31',12,1505,'11:22:00','14:14:00'),(5222,'2015-05-31',12,1473,'07:45:00','10:37:00'),(5358,'2015-05-31',12,2546,'06:16:00','08:16:00'),(5496,'2015-05-31',12,1431,'11:38:00','14:28:00'),(5817,'2015-05-31',10,927,'17:57:00','20:30:00'),(6259,'2015-05-31',8,3134,'12:29:00','15:06:00'),(6273,'2015-05-31',14,2517,'18:22:00','21:13:00'),(6836,'2015-05-31',10,3160,'17:42:00','20:19:00'),(7027,'2015-05-31',12,1404,'06:51:00','09:41:00'),(8835,'2015-05-31',14,2448,'18:13:00','20:57:00'),(8993,'2015-05-31',16,3987,'12:58:00','15:27:00'),(9449,'2015-05-31',8,3076,'11:51:00','13:51:00'),(9851,'2015-05-31',8,3111,'06:11:00','08:48:00');
/*!40000 ALTER TABLE `flight_instance` ENABLE KEYS */;
UNLOCK TABLES;

--
-- Table structure for table `seat_reservation`
--

DROP TABLE IF EXISTS `seat_reservation`;
/*!40101 SET @saved_cs_client     = @@character_set_client */;
/*!50503 SET character_set_client = utf8mb4 */;
CREATE TABLE `seat_reservation` (
  `FLIGHT_NUMBER` int NOT NULL DEFAULT '0',
  `FLIGHT_DATE` date NOT NULL,
  `SEAT_NUMBER` varchar(20) NOT NULL,
  `CUSTOMER_NAME` varchar(80) DEFAULT NULL,
  `CUSTOMER_PHONE` varchar(15) DEFAULT NULL,
  PRIMARY KEY (`FLIGHT_NUMBER`,`FLIGHT_DATE`,`SEAT_NUMBER`),
  CONSTRAINT `seat_reservation_ibfk_1` FOREIGN KEY (`FLIGHT_NUMBER`, `FLIGHT_DATE`) REFERENCES `flight_instance` (`FLIGHT_NUMBER`, `FLIGHT_DATE`)
) ENGINE=InnoDB DEFAULT CHARSET=latin1;
/*!40101 SET character_set_client = @saved_cs_client */;

--
-- Dumping data for table `seat_reservation`
--

LOCK TABLES `seat_reservation` WRITE;
/*!40000 ALTER TABLE `seat_reservation` DISABLE KEYS */;
INSERT INTO `seat_reservation` VALUES (536,'2015-05-31','1A','Angela Warren','0-(962)033-5022'),(536,'2015-05-31','1B','Catherine Perry','3-(107)252-8001'),(536,'2015-05-31','2A','Steven Wells','1-(745)548-0385'),(536,'2015-05-31','2B','Betty Cox','3-(315)056-0054'),(536,'2015-05-31','3A','Samuel Murphy','0-(643)734-5239'),(536,'2015-05-31','3B','Dennis Willis','5-(655)211-7642'),(536,'2015-05-31','4A','Irene Fernandez','5-(259)089-8800'),(536,'2015-05-31','4B','Shawn Hall','0-(573)689-4906'),(536,'2015-05-31','5A','Scott Taylor','4-(459)850-2982'),(7027,'2015-05-31','1A','Edward Rodriguez','8-(135)694-0726'),(7027,'2015-05-31','1B','Ruth Holmes','0-(962)033-5022'),(7027,'2015-05-31','2A','Julie Peters','7-(425)744-0416'),(7027,'2015-05-31','2B','Roy Cunningham','7-(224)798-9872'),(7027,'2015-05-31','3A','Steven Schmidt','2-(611)614-7244'),(7027,'2015-05-31','3B','Kathryn Johnston','9-(224)200-3456'),(7027,'2015-05-31','4A','Betty Peterson','9-(235)442-3861'),(8835,'2015-05-31','1A','Kathryn Wallace','0-(985)577-2462'),(8835,'2015-05-31','1B','Sarah Young','4-(585)959-0936'),(8835,'2015-05-31','2A','Mary Bradley','4-(535)366-5880'),(8835,'2015-05-31','2B','Irene Grant','2-(053)037-2115'),(8835,'2015-05-31','3A','Theresa Bradley','3-(260)125-1522'),(8835,'2015-05-31','3B','Gerald Price','7-(284)103-9553'),(8835,'2015-05-31','4A','Henry Webb','2-(431)574-8295'),(8835,'2015-05-31','4B','Randy Castillo','3-(620)616-4724'),(8835,'2015-05-31','5A','Antonio Ferguson','1-(675)219-4169'),(8835,'2015-05-31','5B','Lori Perry','6-(124)365-2332'),(8835,'2015-05-31','6A','Kevin Mcdonald','3-(679)850-1937'),(8835,'2015-05-31','6B','Benjamin Jenkins','4-(809)277-6698'),(8835,'2015-05-31','7A','Phyllis Elliott','2-(525)192-1140'),(8835,'2015-05-31','7B','Paula Ford','8-(242)740-6864');
/*!40000 ALTER TABLE `seat_reservation` ENABLE KEYS */;
UNLOCK TABLES;
/*!50003 SET @saved_cs_client      = @@character_set_client */ ;
/*!50003 SET @saved_cs_results     = @@character_set_results */ ;
/*!50003 SET @saved_col_connection = @@collation_connection */ ;
/*!50003 SET character_set_client  = cp850 */ ;
/*!50003 SET character_set_results = cp850 */ ;
/*!50003 SET collation_connection  = cp850_general_ci */ ;
/*!50003 SET @saved_sql_mode       = @@sql_mode */ ;
/*!50003 SET sql_mode              = 'STRICT_TRANS_TABLES,NO_ENGINE_SUBSTITUTION' */ ;
DELIMITER ;;
/*!50003 CREATE*/ /*!50017 DEFINER=`root`@`localhost`*/ /*!50003 TRIGGER `seat_reservation_check` BEFORE INSERT ON `seat_reservation` FOR EACH ROW begin
declare number_seats integer;
declare reserved_seats integer;

set number_seats:= (select a.total_number_of_seats from airplane a,flight_instance i where a.airplane_id= i.airplane_id and i.flight_number = new.flight_number);
set reserved_seats:=(select count(1) from seat_reservation s where s.flight_number=new.flight_number);

  if(number_seats - reserved_Seats<=0) then
    SIGNAL SQLSTATE '45000'
      SET MESSAGE_TEXT = 'An error occurred', MYSQL_ERRNO = 1001;
  end if;
END */;;
DELIMITER ;
/*!50003 SET sql_mode              = @saved_sql_mode */ ;
/*!50003 SET character_set_client  = @saved_cs_client */ ;
/*!50003 SET character_set_results = @saved_cs_results */ ;
/*!50003 SET collation_connection  = @saved_col_connection */ ;
/*!50003 SET @saved_cs_client      = @@character_set_client */ ;
/*!50003 SET @saved_cs_results     = @@character_set_results */ ;
/*!50003 SET @saved_col_connection = @@collation_connection */ ;
/*!50003 SET character_set_client  = cp850 */ ;
/*!50003 SET character_set_results = cp850 */ ;
/*!50003 SET collation_connection  = cp850_general_ci */ ;
/*!50003 SET @saved_sql_mode       = @@sql_mode */ ;
/*!50003 SET sql_mode              = 'STRICT_TRANS_TABLES,NO_ENGINE_SUBSTITUTION' */ ;
DELIMITER ;;
/*!50003 CREATE*/ /*!50017 DEFINER=`root`@`localhost`*/ /*!50003 TRIGGER `seat_reservation_check_2` AFTER INSERT ON `seat_reservation` FOR EACH ROW begin
declare number_avail_seats integer;
declare new_num_seats integer;

set number_avail_seats:= (select i.number_of_available_seats from flight_instance i where i.flight_number = new.flight_number);
set new_num_seats:=number_avail_seats-1;

  update flight_instance i set i.number_of_available_seats=new_num_seats where i.flight_number = new.flight_number;

END */;;
DELIMITER ;
/*!50003 SET sql_mode              = @saved_sql_mode */ ;
/*!50003 SET character_set_client  = @saved_cs_client */ ;
/*!50003 SET character_set_results = @saved_cs_results */ ;
/*!50003 SET collation_connection  = @saved_col_connection */ ;
/*!40103 SET TIME_ZONE=@OLD_TIME_ZONE */;

/*!40101 SET SQL_MODE=@OLD_SQL_MODE */;
/*!40014 SET FOREIGN_KEY_CHECKS=@OLD_FOREIGN_KEY_CHECKS */;
/*!40014 SET UNIQUE_CHECKS=@OLD_UNIQUE_CHECKS */;
/*!40101 SET CHARACTER_SET_CLIENT=@OLD_CHARACTER_SET_CLIENT */;
/*!40101 SET CHARACTER_SET_RESULTS=@OLD_CHARACTER_SET_RESULTS */;
/*!40101 SET COLLATION_CONNECTION=@OLD_COLLATION_CONNECTION */;
/*!40111 SET SQL_NOTES=@OLD_SQL_NOTES */;

-- Dump completed on 2021-07-27 20:35:02
